總分類,子分類,注音,漢語拼音,臺1,臺2,臺3,陸1,陸2,陸3,香1,香2,香3,澳1,澳2,澳3,差異說明
食,食材食品,,,三明治,,,三明治,三文治,,三文治,,,三文治,,,
食,食材食品,ㄎㄡˇ　ㄒㄧㄤ　ㄊㄤˊ,kǒu xiāng tang,口香糖,,,口香糖,香口膠,口膠,香口膠,,,香口膠,,,因口香糖成分具有膠質物，因此大陸、港澳地區稱為「香口膠」或「口膠」。
食,食材食品,,,大滷麵,,,打滷麵,,,,,,,,,
食,食材食品,ㄊㄞˋ　ㄅㄞˊ　ㄈㄣˇ,tài bái fěn,太白粉,,,生粉,芡粉,澱粉,生粉,豆菱粉,,生粉,豆菱粉,,大陸、港澳使用的「生粉」，原料多以玉米粉、蠶豆粉、菱角粉等為主。除了在烹調中用於上漿勾芡之外，也經常做為軟化肉質的醃肉材料。而大陸的「芡粉」和「澱粉」原料除馬鈴薯粉之外，還包括綠豆粉、菱角粉、麥粉或藕粉、葛粉、馬蹄粉等等。
食,食材食品,,,牛奶糖,,,牛奶糖,奶糖,,,,,,,,
食,食材食品,,,奶油,,,奶油,,,奶油,忌廉,,奶油,忌廉,,
食,食材食品,,,布丁,,,布丁,,,布甸,,,布甸,,,
食,食材食品,,,玉米粥,,,玉米粥,苞米粥,,,,,,,,
食,食材食品,,,皮蛋,松花皮蛋,松花蛋,松花蛋,松花,變蛋,,,,,,,
食,食材食品,ㄅㄧㄥ　ㄑㄧˊ　ㄌㄧㄣˊ,bīng qí lín,冰淇淋,,,冰淇淋,冰激凌,冰激淋,雪糕,,,雪糕,,,
食,食材食品,,,冰棒,,,冰棍,冰棒,,,,,,,,
食,食材食品,ㄊㄨˇ　ㄙ,tǔ sī,吐司,土司,,吐司,土司,,多士,方包,切片包,方包,多士,,「吐司」和「土司」都是英語Toast的音譯。港澳地區粵語音譯為「多士」。因為吐司烤製好時，是一個白色的長方體，所以被稱為「方包」，又因為吐司通常切片食用，故稱為「切片包」。
食,食材食品,ㄉㄧ　ㄋㄚˋ　ㄧㄢˊ,dī nà yán,低鈉鹽,,,低鈉鹽,代用鹽,,,,,,,,
食,食材食品,,,冷盤,,,涼菜,涼拌菜,,冷盤,,,冷盤,,,
食,食材食品,,,沙其馬,薩其馬,,薩其馬,沙琪瑪,,,,,,,,
食,食材食品,ㄕㄚ　ㄌㄚ,shā lā,沙拉,,,沙拉,色拉,沙律,沙律,,,沙律,,,「沙拉」、「色拉」、「沙律」，都是英文Salad的音譯，因各地方言發音的不同，有稍許變化。「色拉」是Salad的上海話音譯，而「沙律」則是粵語音譯。
食,食材食品,ㄕㄚ　ㄌㄚ　ㄧㄡˊ,shā lā yóu,沙拉油,大豆沙拉油,大豆油,沙拉油,色拉油,沙律油,沙律油,,,沙律油,,,因為沙拉油可以用來調拌沙拉，或打製沙拉醬，所以從英文Salad Oil得名。又因原料是大豆（黃豆），故稱為「大豆沙拉油」。中國大陸和港澳地區對於Salad的音譯有所不同，因此有「色拉油」和「沙律油」等不同的稱呼。
食,食材食品,,,豆花,豆腐腦,,豆花,豆腐腦,豆腐花,豆腐腦,豆腐花,,豆腐腦,豆腐花,,
食,食材食品,,,豆乾,豆腐乾,豆腐干,豆腐乾,香乾兒,,,,,,,,
食,食材食品,,,披薩,,,比薩,比薩餅,,,,,,,,
食,食材食品,ㄕㄥ　ㄌㄧˋ　ㄇㄧㄢˋ,shēng lì miàn,生力麵,泡麵,速食麵,方便麵,快食麵,即食麵,公仔麵,,,公仔麵,泡麵,,1967年臺灣廠商引進日本的雞汁泡麵，以「生力麵」之名推出販售，在市場上引發泡麵旋風，因此「生力麵」成為臺灣泡麵的代名詞。香港於1968年引進泡麵，以「公仔麵」之名上市，「公仔麵」也成為了今日香港當地泡麵的泛稱。
食,食材食品,,,芝麻球,,,芝麻球,麻團,,,,,,,,
食,食材食品,,,便當,飯盒,,盒飯,,,盒飯,飯盒,,盒飯,飯盒,,
食,食材食品,,,洋芋片,,,薯片,土豆片,,,,,,,,
食,食材食品,,,科學麵,,,乾脆麵,乾吃麵,,,,,,,,
食,食材食品,ㄨ　ㄌㄨㄥˊ　ㄇㄧㄢˋ,wū lóng miàn,烏龍麵,,,烏冬麵,,,烏龍麵,烏冬麵,,烏龍麵,烏冬麵,,「烏龍麵」和「烏冬麵」都是源於日文うどん的音譯。
食,食材食品,,,粉蒸肉,,,米粉肉,,,,,,,,,
食,食材食品,ㄔㄚˊ　ㄨㄢˇ　ㄓㄥ,chá wǎn zhēng,茶碗蒸,,,雞蛋羹,蛋羹,水蒸蛋,茶碗蒸蛋,,,,,,「茶碗蒸」一詞是由日語「茶碗蒸し」而來。臺灣日治時代受日本生活文化的影響，不但烹調做法被本地吸收，且直接使用日本的用詞。
食,食材食品,,,茶葉蛋,,,茶葉蛋,茶雞蛋,,,,,,,,
食,食材食品,ㄑㄧˇ　ㄙ,qǐ sī,起司,乳酪,奶酪,乳酪,奶酪,吉士,乳酪,芝士,,乳酪,芝士,,「起司」、「起士」、「吉士」、「芝士」等稱呼都是來自於英文Cheese的音譯。
食,食材食品,ㄐㄧ　ㄧㄣ　ㄍㄞˇ　ㄗㄠˋ　ㄕˊ　ㄆㄧㄣˇ,jī yīn gǎi zào shí pǐn,基因改造食品,,,轉基因食品,,,基因改造食品,,,基因改造食品,,,
食,食材食品,,,蛋塔,,,蛋撻,,,蛋撻,,,蛋撻,,,
食,食材食品,ㄈㄚ　ㄈㄣˇ,fā fěn,發粉,發泡粉,泡打粉,泡打粉,泡大粉,速發粉,發粉,泡打粉,,發粉,泡打粉,,「發粉」的英文是Baking Powder。「泡打粉」或「泡大粉」，都是從Powder一詞音譯而來。
食,食材食品,,,陽春麵,,,陽春麵,清湯麵,,,,,,,,
食,食材食品,ㄕㄥˋ　ㄉㄞˋ,shèng dài,聖代,,,聖代,,,新地,,,新地,,,「聖代」或「新地」等名稱，都是由英文Sundae一詞音譯而來。
食,食材食品,,,漢堡,,,漢堡,漢堡包,,,,,,,,
食,食材食品,ㄐㄩˇ　ㄖㄨㄛˋ,jǔ ruò,蒟蒻,,,蒟蒻,魔芋,,,,,,,,大陸稱蒟蒻為「魔芋」，而魔芋所做的食物也稱「魔芋」。
食,食材食品,ㄍㄞˋ　ㄈㄢˋ,gài fàn,蓋飯,,,蓋飯,蓋澆飯,,碟頭飯,,,碟頭飯,,,港澳地區，因蓋飯經常以盤碟裝盛，因此稱為「碟頭飯」。日本也有類似於蓋飯的食物，稱為「丼物」。
食,食材食品,,,豬油,,,豬大油,大油,,,,,,,,
食,食材食品,ㄧㄡ　ㄍㄜˊ,yōu gé,優格,酸凝酪,,酸奶酪,老酸奶,固體酸奶,,,,,,,"臺灣習慣依凝乳的狀態，分別稱為發酵乳、優酪乳和優格。「優格」特指半凝固乳品，半固體狀，質地細滑，具有獨特的酸味。大陸的「酸奶」是此類乳製品的統稱，液體或半固體狀都可稱作酸奶。酸奶的另外一個意思是指久置發酸的動物乳汁，亦可加糖作為食品飲用，味道酸甜爽口。
「優格」是英文Yogurt或Yoghourt的音譯。"
食,食材食品,ㄧㄡ　ㄌㄨㄛˋ　ㄖㄨˇ,yōu luò rǔ,優酪乳,酸凝酪,,酸凝酪,酸奶,液體酸奶,,,,,,,"臺灣按照凝乳的狀況，分為發酵乳、優酪乳和優格。優酪乳是液態凝乳，質地順滑，優格則為半凝固凝乳。而大陸對於此類發酵凝乳的稱呼，無論固體或液態，統稱為「酸奶」。
「優酪乳」是英文Yogurt或Yoghourt的音譯。"
食,食材食品,,,鮮奶油,,,鮮奶油,,,鮮奶油,鮮忌廉,忌廉,鮮奶油,鮮忌廉,忌廉,
食,食材食品,,,鬆餅,,,鬆餅,華夫餅,,,,,,,,
食,食材食品,,,糯米,,,江米,糯米,,,,,,,,
食,食材食品,ㄙㄨ　ㄉㄚˇ　ㄅㄧㄥˇ　ㄍㄢ,sū dǎ bǐng gān,蘇打餅乾,,,蘇打餅乾,梳打餅,克力架,梳打餅,克力架,,克力架,,,「蘇打餅乾」的英文是Soda Cracker。「蘇打」是Soda的音譯。大陸和香港等地將Soda音譯為「梳打」，因此又稱為「梳打餅」。而英語中Cracker是形容烤製餅乾時發出的清脆聲音，大陸和港澳等地將它音譯為「克力架」。
食,飲料,,,水果酒,,,果酒,果子酒,,,,,,,,
食,飲料,ㄋㄞˇ　ㄐㄧㄥ,nǎi jīng,奶精,,,奶精,咖啡伴侶,,咖啡伴侶,奶精,,,,,「奶精」最早是1961年由雀巢公司生產。引入大陸時，以「咖啡伴侶」為名，逐漸成為奶精的代名詞。
食,飲料,ㄕㄥ　ㄆㄧˊ　ㄐㄧㄡˇ,shēng pí jiǔ,生啤酒,,,生啤酒,生啤,扎啤,生啤,,,生啤,,,大陸稱生啤酒為「扎啤」。扎是英文Jug的音譯，指一種帶著把手的壺或罐。早期歐洲的生啤酒以此種容器散裝販賣，因此得名。
食,飲料,,,冷開水,白開水,,涼白開,,,,,,,,,
食,飲料,ㄐㄧˊ　ㄖㄨㄥˊ　ㄧㄣˇ　ㄌㄧㄠˋ,jí róng yǐn liào,即溶飲料,沖泡飲料,,即溶飲料,速溶飲料,固體飲料,,,,,,,「即溶飲料」在未溶解前呈固體狀，大陸又稱為「固體飲料」。
食,飲料,,,易開罐,,,易拉罐,,,,,,,,,
食,飲料,ㄋㄚˊ　ㄊㄧㄝˇ,ná tiě,拿鐵,拿鐵咖啡,那提,奶特,奶特咖啡,,,,,,,,「拿鐵」和「那提」、「奶特」都是英文Coffee Latte的音譯。
食,飲料,ㄑㄧˋ　ㄆㄠˋ　ㄐㄧㄡˇ,qì pào jiǔ,氣泡酒,,,汽酒,起泡酒,,氣泡酒,,,,,,
食,飲料,,,純水,,,純淨水,,,,,,,,,
食,飲料,,,茶包,,,茶包,袋泡茶,,,,,,,,
食,飲料,ㄏㄟ　ㄎㄚ　ㄈㄟ,hēi kā fēi,黑咖啡,,,清咖啡,,,齋啡,飛沙走奶,,齋啡,黑咖啡,,"因不摻其他調料，大陸稱為清咖啡，而香港稱為齋啡。「齋」是粵語方言，表示不加餡料或其他調味。「齋啡」又常用來戲謔的形容胸圍不夠突出、明顯的女性。
香港又稱黑咖啡為「飛沙走奶」。沙指砂糖，奶為牛奶或煉乳。"
食,飲料,,,黑啤酒,,,黑啤,,,,,,,,,
食,飲料,ㄑㄧˋ　ㄕㄨㄟˇ,qì shuǐ,汽水,碳酸飲料,荷蘭水,汽水,軟性飲料,軟飲,,,,,,,碳酸飲料最早發明於1767年，清末時由歐洲傳入。因當時中國與歐洲的主要通商國為荷蘭，故又稱為「荷蘭水」。大陸所說的「軟性飲料」、「軟飲」是泛指包括碳酸飲料在內，酒精含量低於0.5%的天然或人工調配飲料。
食,飲料,,,熱開水,,,開水,,,,,,,,,
食,生鮮,ㄊㄨˇ　ㄐㄧ,tǔ jī,土雞,放山雞,草雞,土雞,草雞,跑地雞,,,,,,,
食,生鮮,,,白帶魚,,,帶魚,刀魚,,,,,,,,
食,生鮮,ㄔㄤ　ㄩˊ,chāng yú,鯧魚,白鯧,銀鯧,平魚,銀錩,鯧片魚,銀鯧,銀盤鯧,銀盤魚,銀鯧,銀盤鯧,銀盤魚,因顏色銀白，故稱銀鯧或白鯧。因為體型扁平如盤，大陸江浙一帶稱銀鯧為「平魚」或「鯧片魚」，而港澳地區則稱為「銀盤鯧」、「銀盤魚」。
食,生鮮,ㄧㄡˇ　ㄐㄧ　ㄐㄧ　ㄉㄢˋ,yǒu jī jī dàn,有機雞蛋,土雞蛋,放山雞蛋,笨雞蛋,柴雞蛋,土雞蛋,,,,,,,大陸所說的「笨雞蛋」、「柴雞蛋」、「土雞蛋」，指的是農家於野地放養的土雞所下的蛋，因食料來源自然，少了許多如骨粉、生長調節劑等等人工添加劑，因此殼厚蛋清，營養價值較高。
食,生鮮,,,羊大骨,,,羊蝎子,,,,,,,,,
食,生鮮,,,乳牛,,,奶牛,,,,,,,,,
食,生鮮,ㄏㄟ　ㄌㄧㄢˊ,hēi lián,黑鰱,大頭鰱,花鰱,黑鰱,大頭魚,胖頭魚,,,,,,,黑鰱因為頭大體肥，故有「大頭鰱」、「胖頭鰱」、「胖頭魚」、「大頭魚」等稱呼。
食,生鮮,,,豬肉,,,豬肉,大肉,,,,,,,,
食,生鮮,,,豬血,,,豬血,豬紅,,豬紅,,,豬血,豬紅,,
食,生鮮,,,豬蹄,豬腳,,豬蹄,豬手,,豬手,,,,,,
食,生鮮,ㄨㄟˇ　ㄩˊ,wěi yú,鮪魚,,,金槍魚,吞拿魚,,吞拿魚,吞那魚,,吞拿魚,吞那魚,亞冬魚,鮪魚的英文是Tuna Fish，或稱Tuna，粵語音近吞拿，因此稱為「吞拿魚」。澳門地區早期廣泛使用葡萄牙語，音譯為「亞冬魚」。
食,生鮮,ㄍㄨㄟ　ㄩˊ,guī yú,鮭魚,,,鮭魚,三文魚,大馬哈魚,三文魚,,,三文魚,,,鮭魚的英文名字是Salmon，音譯為「三文魚」。
食,蔬果,ㄕㄨㄟˇ　ㄍㄥ　ㄕㄨ　ㄘㄞˋ,,水耕蔬菜,養液栽培,,水培蔬菜,,,,,,,,,
食,蔬果,ㄙˋ　ㄐㄧˋ　ㄉㄡˋ,sì jì dòu,四季豆,菜豆,敏豆,四季豆,架豆,豆角,四季豆,豆角,,四季豆,豆角,,因四季豆是一種外來引入的植物，在南方濕熱地區，四季可生長，故稱「四季豆」，而北方因季節關係，只能生長兩季，因此稱「二季豆」。大陸北方又稱四季豆為「豆角」。
食,蔬果,ㄩˋ　ㄇㄧˇ,yù mǐ,玉米,玉蜀黍,玉茭,玉米,玉蜀黍,包穀,玉米,玉蜀黍,粟米,玉米,玉蜀黍,粟米,在臺灣，閩南語方言稱呼玉米為「番麥」。大陸各地對玉米的稱呼各有不同。港澳地區稱玉米為「粟米」，但粟米一詞在其他地方通常是指小米和稻米。
食,蔬果,ㄧㄡˇ　ㄐㄧ　ㄕㄨ　ㄘㄞˋ,yǒu jī shū cài,有機蔬菜,,,有機蔬菜,生態蔬菜,,,,,,,,因有機蔬菜的栽種，在生產環境和條件上，必須未受汙染，栽培方式天然、配合環境生態，因此大陸又稱為「生態蔬菜」。
食,蔬果,ㄑㄧˊ　ㄧˋ　ㄍㄨㄛˇ,qí yì guǒ,奇異果,,,奇異果,獼猴桃,,奇偉果,奇異果,,奇偉果,奇異果,,
食,蔬果,ㄏㄨㄚ　ㄕㄥ,huā shēng,花生,落花生,土豆,花生,落花生,長生果,花生,落花生,,花生,落花生,,因為花生的生長是子房深入地下一、二吋，發育出莢果，故稱為「落花生」。在臺灣，花生俗稱為土豆。但在大陸，土豆則是指馬鈴薯。
食,蔬果,ㄏㄨㄚ　ㄉㄡˋ,huā dòu,花豆,大紅豆,,花豆,紅腰豆,腎豆,,,,,,,花豆因外皮顏色交雜，故稱花豆。而其形狀如同動物的腎臟，因此又被稱為「腎豆」。
食,蔬果,ㄏㄨㄚ　ㄧㄝˊ　ㄘㄞˋ,huā yé cài,花椰菜,花菜,菜花,花菜,菜花,椰花菜,花椰菜,菜花,椰花菜,花椰菜,菜花,椰花菜,花椰菜大約在19世紀傳入中國，因外觀形狀如花，有「花菜」、「菜花」等稱呼。廣東、香港澳門等地，粵語稱其為「椰花菜」。
食,蔬果,ㄐㄧㄣ　ㄓㄣ,jīn zhēn,金針,金針菜,金針花,金針菜,萱草,黃花菜,金針,黃花菜,,金針,黃花菜,,
食,蔬果,,,柳丁,柳橙,,橙子,,,,,,,,,
食,蔬果,ㄏㄨˊ　ㄌㄨㄛˊ　˙ㄅㄛ,hú luó bo,胡蘿蔔,,,胡蘿蔔,甘荀,,胡蘿蔔,甘荀,,胡蘿蔔,甘荀,,胡蘿蔔原產於地中海，因從胡地傳入中國，味道又像蘿蔔，因此被稱為「胡蘿蔔」。港澳地區又稱作「甘荀」。
食,蔬果,,,草莓,,,草莓,,,草莓,士多啤梨,,草莓,士多啤梨,,
食,蔬果,ㄇㄚˇ　ㄌㄧㄥˊ　ㄕㄨˇ,mǎ líng shǔ,馬鈴薯,洋芋,山藥蛋,馬鈴薯,洋芋,土豆,,,,,,,"馬鈴薯引入中國的時間約在明代，隨後遍植各地，各地都有不同的稱呼。因為形狀如馬鈴或山藥，被稱為「馬鈴薯」或「山藥蛋」、「山藥蛋子」，又因為是由海外引入，所以經常被冠以洋字，如「洋芋」、「洋山芋」、「洋番薯」等等。
大陸稱馬鈴薯為土豆。但土豆一詞在大陸是指馬鈴薯，在臺灣則是指花生。"
食,蔬果,ㄍㄠ　ㄌㄧˋ　ㄘㄞˋ,gāo lì cài,高麗菜,甘藍,藍菜,甘藍,藍菜,包心菜,高麗菜,捲心菜,包心菜,高麗菜,捲心菜,包心菜,高麗菜在各地有多種稱呼，港澳、廣東地區粵語稱其為「椰菜」。但椰菜一詞在臺灣和大陸多數地方所指的是花椰菜，為同名異實用詞。
食,蔬果,ㄊㄧㄢˊ　ㄐㄧㄠ,tián jiāo,甜椒,彩椒,菜椒,甜椒,彩椒,柿子椒,甜椒,三色椒,西椒,甜椒,三色椒,西椒,甜椒外皮顏色多樣，常見紅、黃、綠等顏色，因此稱為「彩椒」或「三色椒」，又因形狀類似柿子或小燈籠，故名「柿子椒」、「燈籠椒」。
食,蔬果,ㄨˊ　ㄉㄨˊ　ㄕㄨ　ㄘㄞˋ,wú dú shū cài,無毒蔬菜,,,無毒蔬菜,保險菜,無公害蔬菜,,,,,,,"「無毒蔬菜」與「有機蔬菜」的差異性在於，有機蔬菜必須全程不使用化學農藥或人工藥劑，且栽種時必須使用自然方式防禦病蟲害的侵襲。而無毒蔬菜是可以少量使用化肥或農藥的。
值得注意的是，大陸所說的「綠色蔬菜」，在臺灣的意思是指綠葉或綠皮的蔬菜。"
食,蔬果,ㄈㄢ　ㄑㄧㄝˊ,fān qié,番茄,,,番茄,西紅柿,洋柿子,西紅柿,番茄,,西紅柿,番茄,,大陸部分地區又稱為「西紅柿」或「洋柿子」。
食,蔬果,,,番薯,地瓜,,地瓜,白薯,紅薯,,,,,,,
食,蔬果,,,紫米,,,黑米,,,,,,,,,
食,蔬果,ㄐㄧㄝˊ　ㄑㄧㄡˊ　ㄨㄛ　ㄐㄩˋ,jié qiú wō jù,結球萵苣,包心萵苣-,西生菜,結球萵苣,結球生菜,捲心窩苣,結球萵苣,包心窩苣,西生菜,結球萵苣,包心窩苣,西生菜,結球萵苣因為外形呈圓球狀，因此臺灣稱之為「包心窩苣」、「球萵苣」，大陸則俗稱稱為「圓生菜」或「球生菜」。在香港、澳門地區，結球萵苣俗稱「西生菜」，用以區別嫩葉萵苣的「唐生菜」。
食,蔬果,ㄨㄣ　ㄕˋ　ㄕㄨ　ㄘㄞˋ,wēn shì shū cài,溫室蔬菜,,,大棚蔬菜,,,,,,,,,「大棚」是一種以塑膠薄膜搭建而成簡易溫室，經常用於蔬果與花卉樹苗等植物栽培，也可以運用於養殖業。搭建大棚所使用的塑膠膜，因材質、成本和所具的特性不同，功能和效果不一。大棚養殖技術自1957年以來，廣泛施行於大陸各地，因此「大棚蔬菜」的種植非常普遍。
食,蔬果,ㄆㄨˊ　ㄊㄠˊ　ㄧㄡˋ,pú táo yòu,葡萄柚,,,西柚,,,西柚,,,西柚,,,
食,蔬果,,,酪梨,,,鱷梨,,,牛油果,鱷梨,酪梨,酪梨,鱷梨,牛油果,
食,蔬果,ㄋㄣˋ　ㄧㄝˋ　ㄨㄛ　ㄐㄩˋ,nèn yè wō jù,嫩葉萵苣,大陸妹,生菜,嫩葉萵苣,生菜,千金菜,油麥菜,生菜,唐生菜,油麥菜,唐生菜,生菜,嫩葉萵苣有各種不同稱呼。因早期傳入中國時價格昂貴，有「千金菜」之稱。此菜蔬早期由中國大陸進口，因物美價廉，被俗稱為「大陸妹」。嫩葉萵苣的臺語稱為「蒿仔菜」或諧音「A菜」，客家語諧音則稱呼為「媚仔菜」。香港稱之為「唐生菜」，用以區別結球萵苣的西生菜。
食,蔬果,,,榛子,榛果,,榛子,,,,,,,,,
食,蔬果,ㄌㄩˋ　ㄏㄨㄚ　ㄧㄝˊ　ㄘㄞˋ,lǜ huā yé cài,綠花椰菜,青花菜,青花苔,青花菜,西蘭花,綠花菜,西蘭花,綠菜花,綠花菜,西蘭花,綠菜花,綠花菜,綠花椰菜在各地有許多不同稱呼。因它是從美國傳入，因此臺灣稱呼為「美國花菜」或「美國青花菜」。且綠花椰菜的花球尖端形狀如同細苔，又被稱為「青花苔」。大陸香港和澳門都稱它為「西蘭花」，因原產於義大利，又俗稱為「義大利芥藍」。
食,蔬果,ㄈㄥˋ　ㄌㄧˊ,fèng lí,鳳梨,波羅,菠蘿,鳳梨,波羅,菠蘿,鳳梨,波羅,菠蘿,鳳梨,波羅,菠蘿,鳳梨又有「波羅」和「菠蘿」的稱呼。大陸部分南方地區，以及新加坡、馬來西亞等地，稱鳳梨為「黃梨」。
食,蔬果,ㄕˋ　ㄐㄧㄚ,shì jiā,釋迦,釋迦果,番荔枝,釋迦果,佛頭果,洋波羅,番荔枝,鬼荔枝,番鬼荔枝,番荔枝,鬼荔枝,番鬼荔枝,釋迦因形狀如佛頭，有「佛頭果」之稱。大陸廣東地區稱為「林檎」。且釋迦的外表與結構，酷似廣西特產水果波羅蜜，又是從國外引進，因此廣西地區稱為「洋波羅」或「假波羅」。香港和澳門則因釋迦外表與荔枝相似，又是被洋人引入，粵語稱為「番荔枝」、「鬼荔枝」或「番鬼荔枝」。
食,蔬果,ㄧㄥ　ㄊㄠˊ,yīng táo,櫻桃,麥英,春櫻,櫻桃,車厘子,,櫻桃,車厘子,,櫻桃,車厘子,,「車厘子」是櫻桃的複數英文Cherries的粵語音譯。
食,蔬果,,,纖維質,,,粗纖維,,,,,,,,,
食,蔬果,,,蘿蔔,菜頭,,蘿蔔,水蘿蔔,,,,,,,,
食,飲食相關,ㄅㄨˋ　ㄓㄢ　ㄍㄨㄛ,bù zhān guō,不沾鍋,,,不粘鍋,,,,,,,,,
食,飲食相關,ㄅㄠˇ　ㄘㄨㄣˊ　ㄑㄧˊ　ㄒㄧㄢˋ,bǎo cún qí xiàn,保存期限,,,保質期,,,,,,,,,大陸的「保質期」和「保存期」的意思不同。「保質期」所指的是商品在正常條件下的品質保證期限，在期限內，生產企業或機構對於商品的品質、食用安全負完全責任，店家可以放心銷售，消費者也可以安全使用。對部分商品來說，「保存期」的期限則超過「保質期」。即使期限超過保質期，不意味商品無法使用，而是品質不能達到原商品的標準。因此對商品來說，即使超過保質期仍可降價銷售，但超過保存期就無法販賣。
食,飲食相關,,,宵夜,消夜,,夜宵,消夜,,,,,,,,
食,飲食相關,,,廚餘,,,廚餘,餐廚垃圾,,,,,,,,
食,飲食相關,,,調理包,,,軟罐頭,,,,,,,,,
食,飲食相關,,,鋁箔包,,,軟包裝,,,,,,,,,
食,飲食相關,ㄙㄡ　ㄕㄨㄟˇ　ㄧㄡˊ,sōu shuǐ yóu,餿水油,,,地溝油,潲水油,,,,,,,,
衣,服飾,T　ㄒㄩˋ,T xù,T恤,,,T恤衫,短袖衫,,,,,,,,「T恤」是音譯英文的T-shirt一詞。大陸地區又稱為「文化衫」，是因為T恤的圖案或文字，經常反映某些文化心理。
衣,服飾,ㄋㄟˋ　ㄉㄚ　ㄎㄨˋ,nèi dā kù,內搭褲,,,打底褲,,,,,,,,,無論是稱為「內搭褲」或「打底褲」，都是以穿著功能來命名，強調它適合搭配外衣或裙褲穿著的功用。
衣,服飾,,,內褲,,,內褲,襯褲,,,,,,,,
衣,服飾,,,太陽眼鏡,,,太陽鏡,,,,,,,,,
衣,服飾,,,平頭,,,平頭,寸頭,板寸,,,,,,,
衣,服飾,,,拉鍊,,,拉鍊,拉鎖,,,,,,,,
衣,服飾,,,雨鞋,,,雨鞋,水鞋,,,,,,,,
衣,服飾,,,背心,,,背心,馬甲,,,,,,,,
衣,服飾,,,風格,,,風格,范兒,,,,,,,,
衣,服飾,,,紋身貼紙,文身貼紙,,紋身貼,文身貼,紋身彩貼,,,,,,,
衣,服飾,ㄒㄩㄥ　ㄓㄠˋ,xiōng zhào,胸罩,奶罩,乳罩,奶罩,乳罩,,奶罩,乳罩,胸圍,奶罩,乳罩,胸圍,
衣,服飾,,,迷你裙,,,迷你裙,超短裙,,,,,,,,
衣,服飾,,,連身裙,連衣裙,,連衣裙,布拉吉,,,,,,,,
衣,服飾,,,短裝,,,短打,,,,,,,,,
衣,服飾,,,短褲,,,短褲,褲衩,,,,,,,,
衣,服飾,,,塑膠鞋,,,膠鞋,,,,,,,,,
衣,服飾,,,楔型鞋,,,坡跟鞋,,,,,,,,,
衣,服飾,,,慕斯,,,摩絲,,,,,,,,,
衣,服飾,,,熱褲,,,緊身短褲,,,,,,,,,
衣,服飾,,,蝴蝶袖,蝙蝠袖,,蝴蝶袖,蝙蝠衫,,雞翼袖,,,雞翼袖,,,
衣,服飾,,,衛生衣,,,棉毛衫,秋衣,,,,,,,,因為通常是入秋天冷後穿著，所以大陸稱為「秋衣」，又稱為「棉毛衫」。臺灣之所以稱之為「衛生衣」，有一說法是來源於日文漢字。
衣,服飾,ㄨㄟˋ　ㄕㄥ　ㄎㄨˋ,wèi shēng kù,衛生褲,,,秋褲,棉毛褲,,,,,,,,因為通常於秋天天涼後開始穿著，所以大陸稱之為「秋褲」，又稱為「棉毛褲」。
衣,服飾,,,遮陽帽,,,遮陽帽,太陽帽,,,,,,,,
衣,服飾,,,髮夾,,,髮卡,,,,,,,,,
衣,服飾,,,髮圈,,,髮圈,頭繩,,,,,,,,
衣,服飾,,,褲裙,,,裙褲,,,,,,,,,
衣,服飾,,,褲襪,,,連襪褲,襪褲,連褲襪,襪褲,,,襪褲,,,
衣,服飾,,,臂章,,,袖標,,,,,,,,,
衣,服飾,ㄩㄣˋ　ㄌㄩˋ　ㄎㄨˋ,yùn lǜ kù,韻律褲,踩腳褲,,踩腳褲,健美褲,踏腳褲,,,,,,,大陸因健美操的緣故，將「韻律褲」稱為「健美褲」。1980年至1990年間極為風行，流行之所至，還產生出「不管多大官，都穿夾克衫；不管多大肚，都穿健美褲」的順口溜。
衣,服飾,,,魔術胸罩,隱形胸罩,NuBra,隱形文胸,硅膠文胸,自黏文胸,,,,,,,「NuBra」是隱形胸罩最初在臺販售時，引進的產品品牌名稱，因為廣泛使用，因此成為隱形胸罩的代稱。又因隱形胸罩的材質使用矽膠，而矽膠在大陸稱為「硅膠」，故俗稱為硅膠文胸。
衣,服飾,,,襯衫,,,襯衫,襯衣,,,,,,,,
衣,清潔美容,ㄑㄩˋ　ㄍㄨㄤ　ㄕㄨㄟˇ,qù guāng shuǐ,去光水,,,洗甲水,,,,,,,,,
衣,清潔美容,ㄖㄡˊ　ㄖㄨㄢˇ　ㄐㄧㄥ,róu ruǎn jīng,柔軟精,衣物柔軟精,,柔順劑,,,,,,,,,
衣,清潔美容,ㄍㄨㄚ　ㄏㄨˊ　ㄉㄠ,guā hú dāo,刮鬍刀,,,剃鬍刀,剃鬚刀,刮臉刀,刮鬍刀,剃鬚刀,,刮鬍刀,剃鬚刀,,
衣,清潔美容,ㄔㄡ　ㄑㄩˇ　ㄕˋ　ㄨㄟˋ　ㄕㄥ　ㄓˇ,chōu qǔ shì wèi shēng zhǐ,抽取式衛生紙,,,抽紙,紙巾,紙抽,,,,,,,
衣,清潔美容,ㄅㄠˇ　ㄒㄧㄢˇ　ㄊㄠˋ,bǎo xiǎn tào,保險套,避孕套,衛生套,安全套,避孕套,,如意套,避孕套,安全套,如意套,避孕套,安全套,「保險套」、「避孕套」、「安全套」、「衛生套」的名稱都強調其避孕和防止性病的功效。港澳、新馬地區又俗稱為「如意套」。
衣,清潔美容,ㄒㄧˇ　ㄇㄧㄢˋ　ㄖㄨˇ,xǐ miàn rǔ,洗面乳,潔面乳,,洗面乳,潔面乳,洗面奶,洗面奶,,,洗面奶,,,
衣,清潔美容,ㄒㄧˇ　ㄈㄚˇ　ㄐㄧㄥ,xǐ fǎ jīng,洗髮精,洗髮乳,洗髮水,洗髮水,洗髮露,洗髮香波,洗頭水,洗髮香波,香波,洗頭水,洗髮香波,香波,"在臺灣，洗髮精雖然多呈液體狀，但因外觀不同而有不同稱呼。通常透明水狀黏稠的被稱為「洗髮水」或「洗髮精」，而黏稠乳狀的則稱為「洗髮乳」。
大陸、香港和澳門所說的「洗髮香波」或「香波」，來源於英文Shampoo的音譯。"
衣,清潔美容,,,紙尿褲,紙尿布,,紙尿褲,紙尿布,尿不濕,,,,,,,
衣,清潔美容,ㄉㄧㄢˋ　ㄏㄨˊ　ㄉㄠ,diàn hú dāo,電鬍刀,電動刮鬍刀,,電鬍刀,電動剃鬚刀,,電鬍刀,,,電鬍刀,,,
衣,清潔美容,ㄇㄨˋ　ㄙ,mù sī,幕絲,,,慕絲,摩絲,,,,,,,,無論是「慕絲」或「摩絲」，都是來源於法文Mousse一詞的音譯。
衣,清潔美容,,,衛生紙,,,衛生紙,廁紙,,,,,,,,
衣,清潔美容,ㄨㄟˋ　ㄕㄥ　ㄇㄧㄢˊ,wèi shēng mián,衛生棉,,,衛生棉,衛生巾,,M巾,,,,,,香港稱為「M巾」，「M」是英文Menstruation的字母縮寫。
衣,清潔美容,,,髮膠,造型膠,定型膠,髮膠,定型膏,啫喱膏,啫喱膏,啫喱水,定型凝膠,啫喱膏,啫喱水,定型凝膠,
衣,清潔美容,,,護髮,,,焗油,,,焗油,,,焗油,,,
衣,清潔美容,ㄏㄨˋ　ㄈㄚˇ　ㄖㄨˇ,hù fǎ rǔ,護髮乳,髮膜,,護髮素,髮膜,護髮膜,護髮乳,護髮膜,焗油,護髮乳,護髮膜,焗油,大陸所說的護髮素，除了指護髮乳之外，也可以指用以讓頭髮順滑的潤絲精。而「焗油」是英文Hot oil的粵語義譯。焗油一詞除了指護髮乳，也有指具有染髮功效的膏狀物。
住,購屋,ㄊㄨˇ　ㄉㄧˋ　ㄙㄨㄛˇ　ㄧㄡˇ　ㄑㄩㄢˊ　ㄓㄨㄤˋ,tǔ dì suǒ yǒu quán zhuàng,土地所有權狀,,,土地所有權證,,,,,,,,,大陸地區因規定土地皆歸國有，人民只有使用權而無所有權，所以購買房屋時，可申請到房屋所有權證和土地使用權證，作為合法使用土地的法律文件。
住,購屋,,,二手屋,中古屋,,二手房,,,,,,,,,
住,購屋,ㄍㄨㄥ　ㄕㄜˋ　ㄇㄧㄢˋ　ㄐㄧ,Gōng shè miàn jī,公設面積,,,公攤面積,公攤建築面積,公攤,公攤面積,公攤建築面積,公攤,,,,
住,購屋,,,公寓,,,公寓樓,,,,,,,,,
住,購屋,ㄍㄨㄥ　ㄎㄞ　ㄒㄧㄠ　ㄕㄡˋ,gōng kāi xiāo shòu,公開銷售,,,開盤,,,,,,,,,「開盤」一詞在臺灣通常指交易所或工會開始交易，例如臺股開盤、期貨市場開盤。但在中國大陸，「開盤」一詞經常用在不動產新建案對外公開銷售上，如一次（期）開盤、二次（期）開盤、開盤銷售價。
住,購屋,,,半成屋,,,準現房,,,,,,,,,
住,購屋,,,平方公尺,,,平方米,平方,平米,,,,,,,
住,購屋,,,成屋,,,現房,,,現樓,,,現樓,,,
住,購屋,,,住宅大樓,住宅大廈,,高層住宅,,,,,,,,,
住,購屋,ㄈㄤˊ　ㄨ　ㄙㄨㄛˇ　ㄧㄡˇ　ㄑㄩㄢˊ　ㄓㄨㄤˋ,fáng wū suǒ yǒu quán zhuàng,房屋所有權狀,建物所有權狀,,房屋產權證書,房產證,,,,,,,,在臺灣，房屋所有權狀的發放由地政事務處所主管。中國大陸的房產證，是購屋者在交易後取得房屋合法所有權文件。主管機關是建設部。
住,購屋,ㄕㄜˋ　ㄑㄩ,shè qū,社區,,,小區,居住小區,住宅小區,,,,,,,
住,購屋,,,臥室,臥房,,臥室,居室,,,,,,,,
住,購屋,ㄐㄧㄢˋ　ㄓㄨˊ　ㄕˇ　ㄩㄥˋ　ㄓˊ　ㄓㄠˋ,jiàn zhú shǐ yòng zhí zhào,建築使用執照,,,竣工驗收合格證,房管局驗收合格證,,,,,,,,大陸的「竣工驗收合格證」是在建築工程完成後，由城市規劃行政主管機關核發。只有取得竣工驗收合格證，房地產行政部門才能核發房產證。
住,購屋,ㄕㄤ　ㄧㄝˋ　ㄓㄨˋ　ㄓㄞˊ　ㄉㄚˋ　ㄌㄡˊ,shāng yè zhù zhái dà lóu,商業住宅大樓,住商大樓,,商住樓,,,,,,,,,臺灣的商業住宅大樓，商用和住宅單位通常不分樓層。大陸的「商住樓」則一律是商務用途在低樓層，住家在高樓層的綜合性大樓。
住,購屋,ㄕㄤ　ㄅㄢˋ　ㄉㄚˋ　ㄌㄡˊ,shāng bàn dà lóu,商辦大樓,商業大樓,辦公大樓,辦公樓,寫字樓,,寫字樓,,,寫字樓,,,「寫字樓」一詞原出於上海方言，後來流傳各地被廣泛使用。
住,購屋,ㄗㄨˇ　ㄏㄜˊ　ㄨ,zǔ hé wū,組合屋,,,活動板房,活動房,,,,,,,,
住,購屋,,,連棟透天厝,連棟透天,,聯排住宅,聯體別墅,,,,,,,,
住,購屋,,,陽臺,,,陽臺,涼臺,,,,,,,,
住,購屋,,,臺階,梯級,梯階,臺階,梯級,,,,,,,,
住,購屋,ㄧㄤˋ　ㄆㄧㄣˇ　ㄨ,yàng pǐn wū,樣品屋,,,樣板房,樣板間,,示範單位,示位,,示範單位,,,香港與澳門把「樣品屋」稱為「示範單位」，但大陸的「示範單位」則是指因表現優良而受到政府嘉獎的績優企業或單位部門。兩者意思完全不同。
住,購屋,ㄒㄩㄝˊ　ㄑㄩ　ㄓㄨˋ　ㄓㄞˊ,xué qū zhù zhái,學區住宅,,,學區房,,,,,,,,,
住,裝修居住,,,天然瓦斯管道,,,燃氣管,燃氣管道,,,,,,,,
住,裝修居住,ㄕㄨㄟˇ　ㄋㄧˊ,shuǐ ní,水泥,洋灰,,水泥,水門汀,士敏土,,,,,,,水泥舊稱「洋灰」，來源是因為水泥自西洋傳來，並依據其外觀命名。水泥的英文為Cement，音譯為「士敏土」，上海方言則音譯為「水門汀」。
住,裝修居住,,,瓦斯費,,,燃氣費,,,,,,,,,
住,裝修居住,ㄉㄧˋ　ㄓㄨㄢ,di zhuān,地磚,,,地磚,地板磚,地面磚,,,,,,,
住,裝修居住,ㄈㄤˊ　ㄉㄠˋ　ㄧㄢˇ,fáng dào yǎn,防盜門眼,防盜眼,門眼,貓眼,窺視鏡,門鏡,防盜門眼,防盜眼,貓眼,防盜門眼,防盜眼,貓眼,
住,裝修居住,,,室內裝潢,,,家居裝修,家裝,,,,,,,,
住,裝修居住,,,建築廢棄物,,,建築垃圾,,,,,,,,,
住,裝修居住,ㄒㄧㄠ　ㄈㄤˊ　ㄕㄨㄢ,xiāo fáng shuān,消防栓,救火栓,,消防栓,消火栓,,街井,消防喉,滅火喉,街井,消防喉,滅火喉,
住,裝修居住,ㄑㄧㄤˊ　ㄏㄨㄚˋ　ㄅㄛ　ㄌㄧˊ,qiáng huà bō lí,強化玻璃,,,鋼化玻璃,,,,,,,,,
住,裝修居住,,,累進電價,,,階梯電價,,,,,,,,,
住,裝修居住,ㄌㄨㄛˋ　ㄕㄨㄟˇ　ㄊㄡˊ,luò shuǐ tóu,落水頭,,,地漏,,,,,,,,,大陸使用的「地漏」是由英文Floor Drain一詞義譯而來。
住,裝修居住,,,補土,,,膩子,,,,,,,,,
住,裝修居住,,,跳電,,,跳電,跳閘,,,,,,,,
住,裝修居住,,,衛浴設備,,,潔具,,,,,,,,,
住,裝修居住,ㄧㄥ　ㄐㄧㄚˋ,yīng jià,鷹架,,,腳手架,,,腳手架,鷹架,,腳手架,鷹架,,大陸和港澳地區稱鷹架為「腳手架」，是由於搭建和使用時，需要手腳並用，因此而得名。
住,家電用品,DVD　ㄌㄨˋ　ㄈㄤˋ　ㄧㄥˇ　ㄐㄧ,DVD lù fàng yǐng jī,DVD錄放影機,光碟放映機,光碟放影機,影碟機,視盤機,碟機,,,,,,,
住,家電用品,ㄒㄧㄠˇ　ㄦˇ　ㄉㄨㄛ,xiǎo ěr duō,小耳朵,小型衛星電視接收器,衛星碟型天線,小鍋,小鍋蓋,衛星鍋,,,,,,,因衛星訊號接收器的造型如同鍋子或鍋蓋，所以在大陸有「小鍋」、「小鍋蓋」、「衛星鍋」、「衛星小鍋」等各種俗稱。
住,家電用品,,,手機,行動電話,,手機,移動電話,,,,,,,,
住,家電用品,,,卡帶,,,盒帶,音帶,,,,,,,,
住,家電用品,ㄨㄚˇ　ㄙ,wǎ sī,瓦斯,天然氣,天然煤氣,天然氣,煤氣,,石油氣,煤氣,,石油氣,煤氣,,
住,家電用品,ㄨㄚˇ　ㄙ　ㄊㄨㄥˇ,wǎ sī tǒng,瓦斯桶,,,煤氣罐,液化氣罐,,石油氣罐,,,石油氣罐,,,天然氣又稱煤氣，因此瓦斯桶在大陸稱為「煤氣罐」，而天然氣經常與石油相伴而生，因此港澳地區又稱瓦斯桶為「石油氣罐」。
住,家電用品,ㄨㄚˇ　ㄙ　ㄌㄨˊ,Wǎ sī lú,瓦斯爐,,,燃氣灶,煤氣灶,,煤氣爐,煮食爐,,煤氣爐,煮食爐,,天然氣、瓦斯，又稱煤氣，因此瓦斯爐又有「燃氣爐」、「煤氣爐」等稱呼。
住,家電用品,,,吹風機,,,吹風機,電吹風,,風筒,,,風筒,,,
住,家電用品,,,防呆設計,,,防愚設計,,,,,,,,,
住,家電用品,,,直立式冷氣機,落地冷氣機,,立式空調,櫃機,,,,,,,,
住,家電用品,,,抽風機,,,抽風機,排風扇,抽氣機,,,,,,,
住,家電用品,ㄧㄥˋ　ㄒㄧㄤˋ　ㄍㄨㄢˇ,yìng xiàng guǎn,映像管,,,顯像管,,,,,,,,,
住,家電用品,,,重低音喇叭,,,低音砲,,,,,,,,,
住,家電用品,ㄎㄠˇ　ㄒㄧㄤ,kǎo xiāng,烤箱,,,烤箱,電烤箱,,焗爐,電焗爐,,焗爐,電焗爐,,「焗爐」是烤箱的粵語方言，主要流行於港澳一帶。
住,家電用品,ㄎㄠˇ　ㄇㄧㄢˋ　ㄅㄠ　ㄐㄧ,kǎo miàn bāo jī,烤麵包機,,,烤麵包機,自動麵包片烤爐,,多士爐,,,多士爐,,,吐司的英文是Toast，香港、澳門地區粵語音譯為「多士」，而烤麵包機的英文是Toaster，因此粵語音譯為「多士爐」。
住,家電用品,ㄍㄠ　ㄏㄨㄚˋ　ㄓˊ　ㄉㄧㄢˋ　ㄕˋ,gāo huà zhí diàn shì,高畫質電視,,,高清電視,高清晰度電視,,,,,,,,
住,家電用品,,,彩色液晶螢幕,,,彩屏,,,彩芒,,,彩屏,,,
住,家電用品,ㄇㄞˋ　ㄎㄜˋ　ㄈㄥ,mài kè fēng,麥克風,話筒,傳聲筒,麥克風,話筒,微音器,微音器,,,微音器,,,「麥克風」是源於英文Microphone一詞的音譯。
住,家電用品,ㄉㄢ　ㄧㄢˇ　ㄒㄧㄤˋ　ㄐㄧ,dān yǎn xiàng jī,單眼相機,,,單反相機,單反,,單反相機,單反,,單反相機,單反,,
住,家電用品,ㄨˊ　ㄒㄧㄢˋ　ㄉㄧㄢˋ　ㄏㄨㄚˋ,wú xiàn diàn huà,無線電話,,,無繩電話,,,,,,,,,臺灣所說的「無線電話」，也可用於指利用無線電波傳遞語音，可以在移動狀態下，與其他電話使用者通信的系統，例如行動電話。
住,家電用品,ㄉㄧㄢˋ　ㄊㄤ　ㄔˊ,diàn tāng chí,電湯匙,,,熱得快,燒水棒,電熱棒,電湯匙,,,,,,
住,家電用品,,,電話答錄機,,,錄音電話,,,,,,,,,
住,家電用品,ㄉㄧㄢˋ　ㄐㄧㄤ　ㄉㄧㄢˋ　ㄕˋ,diàn jiāng diàn shì,電漿電視,,,等離子電視,,,,,,,,,
住,家電用品,ㄉㄧㄢˋ　ㄍㄨㄛ,diàn guō,電鍋,,,電飯鍋,電飯煲,,電飯煲,,,電飯煲,,,「電飯煲」是電鍋的粵語稱呼，最早流通於香港和廣東一帶，逐漸廣泛流傳使用。
住,家電用品,,,監視器,,,監視探頭,,,,,,,,,
住,家電用品,,,網路線接頭,,,水晶頭,,,,,,,,,
住,家電用品,,,影音製品,,,音像製品,,,,,,,,,
住,家電用品,,,影碟,碟片,,視盤,激光視盤,視頻光盤,,,,,,,
住,家電用品,,,錄放影機,,,錄像機,,,,,,,,,
住,家電用品,,,錄影,,,錄像,,,,,,,,,
住,家電用品,,,錄影帶,,,錄像帶,,,,,,,,,
住,家電用品,,,錄影機,,,錄像機,,,,,,,,,
住,家電用品,,,隨身聽,,,袖珍收音機,,,耳筒機,,,耳筒機,隨身聽,,
住,家電用品,ㄧㄚ　ㄌㄧˋ　ㄍㄨㄛ,yā lì guō,壓力鍋,快鍋,,壓力鍋,壓力煲,高壓鍋,壓力煲,壓力鍋,,壓力煲,壓力鍋,,
住,家電用品,,,雙槽洗衣機,,,雙缸洗衣機,,,,,,,,,
住,疾病症狀,,,A肝,,,甲肝,,,,,,,,,
住,疾病症狀,,,B肝,,,乙肝,,,,,,,,,
住,疾病症狀,,,C肝,,,丙肝,,,,,,,,,
住,疾病症狀,ㄒㄧㄣ　ㄐㄧ　ㄍㄥˇ　ㄙㄜˋ,xīn jī gěng sè,心肌梗塞,,,心肌梗塞,心肌梗死,心梗,,,,,,,
住,疾病症狀,,,心律不整,,,心律不整,房顫,心律不齊,,,,,,,
住,疾病症狀,ㄌㄠˇ　ㄏㄨㄚ　ㄧㄢˇ,lǎo huā yǎn,老花眼,老花,,老花眼,老花,老視眼,老花眼,老花,,,,,
住,疾病症狀,ㄎㄨㄤˊ　ㄋㄧㄡˊ　ㄓㄥˋ,kuáng niú zhèng,狂牛症,牛海綿樣腦症,,瘋牛病,牛腦海綿狀病,,,,,,,,
住,疾病症狀,ㄏㄤˊ　ㄉㄧㄥ　ㄉㄨㄣˋ　ㄕˋ　ㄨˇ　ㄉㄠˋ　ㄓㄥˋ,háng dīng dùn shì wǔ dào zhèng,杭丁頓式舞蹈症,杭丁頓式症,亨丁頓舞蹈症,亨廷頓式舞蹈病,亨廷頓病,慢性遺傳舞蹈病,,,,,,,
住,疾病症狀,ㄓㄨˋ　ㄧˋ　ㄌㄧˋ　ㄅㄨˋ　ㄗㄨˊ　ㄍㄨㄛˋ　ㄉㄨㄥˋ　ㄓㄥˋ,zhù yì lì bù zú guò dòng zhèng,注意力不足過動症,注意力缺失症,注意力缺失與過動障礙,注意缺陷與多動障礙,多動症,,過度活躍症,,,注意力不足過動症,注意力不足症候群,,
住,疾病症狀,ㄒㄧˋ　ㄈㄟˋ　ㄅㄧㄥˋ,xì fèi bìng,矽肺病,,,硅肺,塵肺病,,肺塵埃沉著病,,,矽肺病,硅肺,塵肺病,
住,疾病症狀,ㄚ　ㄗ　ㄏㄞˇ　ㄇㄛˋ　ㄓㄥˋ,ā zī hǎi mò zhèng,阿茲海默症,老年痴呆症,老年失智症,阿爾茨海默病,老年性痴呆,早老性痴呆,老年痴呆症,腦退化症,老年腦退化症,阿茲海默症,老人失智症,,無論是「阿茲海默症」或「阿爾茨海默病」，都是英文Alzheimer's Disease的音譯。因病症造成腦部退化，香港地區又有「腦退化症」的稱呼。
住,疾病症狀,ㄊㄨㄟˋ　ㄨˇ　ㄐㄩㄣ　ㄖㄣˊ　ㄓㄥˋ,tuì wǔ jūn rén zhèng,退伍軍人症,,,軍團病,空調病,,退伍軍人病症,,,,,,"「退伍軍人症」得名於1976年，美國退伍軍人在費城參加年度大會後，多人集體患病，因此得名。大陸地區因翻譯不同，命名為「軍團病」，且因其傳染途徑多與冷氣的冷卻供水系統、水塔有關，又稱為「空調病」。
但大陸的「空調病」，在臺灣另有一個意思，指因為吹冷氣，衍生出的疾病，如因吹冷氣感冒、頭痛，或關節痠痛、僵硬、頭暈目眩或頭昏症，又稱為「空調症候群」。兩者名同意異。"
住,疾病症狀,ㄍㄨˇ　ㄘˋ,gǔ cì,骨刺,,,骨刺,骨質增生,,,,,,,,
住,疾病症狀,ㄨㄢˇ　ㄙㄨㄟˋ　ㄉㄠˋ　ㄓㄥˋ　ㄏㄡˋ　ㄑㄩㄣˊ,wǎn suì dào zhèng hòu qún,腕隧道症候群,腕管綜合症,滑鼠手,腕管綜合症,鼠標手,,腕管綜合症,滑鼠手,鼠標手,腕管綜合症,,,
住,疾病症狀,ㄞˋ　ㄗ　ㄅㄧㄥˋ,ài zī bìng,愛滋病,後天免疫缺乏症候群,,艾滋病,獲得性免疫缺陷綜合症,,愛滋病,,,,,,
住,疾病症狀,,,腦栓塞,,,腦栓塞,腦血栓,,,,,,,,
住,疾病症狀,ㄍㄨㄛˋ　ㄉㄨˋ　ㄏㄨㄢˋ　ㄑㄧˋ　ㄓㄥˋ　ㄏㄡˋ　ㄑㄩㄣˊ,guò dù huàn qì zhèng hòu qún,過度換氣症候群,,,過度通氣綜合症,,,,,,,,,
住,疾病症狀,ㄍㄨㄛˋ　ㄇㄧㄣˇ　ㄒㄧㄥˋ　ㄅㄧˊ　ㄧㄢˊ,guò mǐn xìng bí yán,過敏性鼻炎,鼻敏感,,過敏性鼻炎,變異性鼻炎,應變性鼻炎,,,,,,,
住,疾病症狀,ㄧㄢˊ　ㄓㄨㄥˋ　ㄐㄧˊ　ㄒㄧㄥˋ　ㄏㄨ　ㄒㄧ　ㄉㄠˋ　ㄓㄥˋ　ㄏㄡˋ　ㄑㄩㄣˊ,yán zhòng jí xìng hū xī dào zhèng hòu qún,嚴重急性呼吸道症候群,SARS,,嚴重急性呼吸綜合症,傳染性非典型肺炎,非典,沙示,沙斯,沙士,沙士,,,「嚴重急性呼吸道症候群」在中國大陸，最早被稱為「非典型肺炎」，因此縮稱為「非典」。其英文全稱為Severe Acute Respiratory Syndrome，縮稱SARS，各地經常將SARS音譯為各種名稱，如薩斯、沙士。
住,生理器官,ㄋㄟˋ　ㄈㄣ　ㄇㄧˋ,nèi fēn mì,內分泌,荷爾蒙,賀爾蒙,荷爾蒙,激素,,荷爾蒙,賀爾蒙,,荷爾蒙,賀爾蒙,,「荷爾蒙」或「賀爾蒙」，都是英文Hormone的音譯。
住,生理器官,,,白血球,,,白細胞,,,,,,,,,
住,生理器官,ㄅㄧㄢˇ　ㄊㄠˊ　ㄒㄧㄢˋ,biǎn táo xiàn,扁桃腺,,,扁桃體,,,,,,,,,大陸舊時稱「扁桃腺」，現在普遍稱為「扁桃體」。
住,生理器官,,,紅血球,,,紅細胞,,,,,,,,,
住,生理器官,,,攝護腺,前列腺,,前列腺,,,,,,,,,
住,醫療機構與服務,ㄐㄧㄚ　ㄏㄨˋ　ㄅㄧㄥˋ　ㄈㄤˊ,jiā hù bìng fang,加護病房,,,重症監護病房,監護病房,重症監護室,深切治療部,深切治療病房,加護病房,深切治療部,深切治療病房,加護病房,「加護病房」或「重症監護病房」、「深切治療部」等名詞，都是從英文Intensive Care Unit（縮寫為ICU）翻譯過來的詞彙，因翻譯時選用詞不同，而產生不同的稱呼。
住,醫療機構與服務,,,批價,,,劃價,,,,,,,,,
住,醫療機構與服務,,,私人醫院,私人診所,,個體醫院,個體診所,,,,,,,,
住,醫療機構與服務,,,特別護士,,,特護,,,,,,,,,
住,醫療機構與服務,,,診療室,,,診療室,診室,,,,,,,,
住,醫療機構與服務,,,榮民醫院,,,榮軍醫院,,,,,,,,,
住,醫療機構與服務,,,衛生所,,,保健站,衛生保健站,衛生所,,,,,,,
住,醫療機構與服務,,,養老院,,,敬老院,托老所,,,,,,,,
住,檢查治療,OK　ㄅㄥ,OK bēng,OK繃,,,創可貼,,,,,,,,,OK繃原是美國嬌生公司研發的商品，原名為「Band-Aid」。於日本推出時，考量到日人發音與接受度，更名為「OK Band」。臺灣受日本的影響，承接此名，音譯為OK繃。
住,檢查治療,,,水療,,,浴療,,,,,,,,,
住,檢查治療,ㄈㄤˋ　ㄕㄜˋ　ㄒㄧㄢˋ　ㄓˋ　ㄌㄧㄠˊ,fàng shè xiàn zhì liáo,放射線治療,,,放射治療,放療,,,,,,,,「放射線治療」或「放射治療」都是英文Radiation Therapy的義譯，「放療」則是放射治療的縮稱。
住,檢查治療,,,放射線治療,放射線療法,,放射療法,放療,,,,,,,,
住,檢查治療,,,捐血,,,捐血,獻血,無償獻血,捐血,,,捐血,,,
住,檢查治療,,,胸部X光片,,,胸片,,,,,,,,,
住,檢查治療,ㄒㄩㄥ　ㄑㄧㄤ　ㄙㄠˇ　ㄇㄧㄠˊ,xiōng qiāng sǎo miáo,胸腔掃描,胸腔電腦斷層檢查,,胸透,,,,,,,,,
住,檢查治療,,,健康檢查,健檢,體檢,體檢,查體,,驗身,,,驗身,,,
住,檢查治療,,,婚前健康檢查,,,婚前健康檢查,婚檢,,,,,,,,
住,檢查治療,,,康復醫學,,,復健醫學,,,,,,,,,
住,檢查治療,ㄘㄞˇ　ㄙㄜˋ　ㄔㄠ　ㄧㄣ　ㄅㄛ,cǎi sè chāo yīn bō,彩色超音波,,,彩超,,,,,,,,,
住,檢查治療,ㄔㄠ　ㄧㄣ　ㄅㄛ,chāo yīn bō,超音波,超音波掃描,,B超,B型超聲檢查,二維超聲,,,,,,,大陸所說的「B超」是「B型超聲檢查」的簡稱，是英文B-ultrasonic義譯。所指功能僅侷限於掃描診斷，並不包含醫療功能，意同臺灣所說的「超音波掃描」。
住,檢查治療,ㄅㄧˊ　ㄨㄟˋ　ㄍㄨㄢˇ,bí wèi guǎn,鼻胃管,,,鼻飼管,,,,,,,,,
住,檢查治療,ㄅㄧˊ　ㄨㄟˋ　ㄍㄨㄢˇ　ㄍㄨㄢˋ　ㄕˊ,bí wèi guǎn guàn shí,鼻胃管灌食,,,鼻飼,,,,,,,,,
住,檢查治療,,,墮胎,人工流產,,人工流產,人流,,,,,,,,
住,檢查治療,,,驗尿,,,尿檢,,,,,,,,,
住,檢查治療,,,體溫計,,,體溫表,,,,,,,,,
住,藥物毒素,,,止痛劑,止痛藥,鎮痛劑,鎮痛藥,,,,,,,,,
住,藥物毒素,ㄍㄨˇ　ㄎㄜ　ㄐㄧㄢˇ,gǔ kē jiǎn,古柯鹼,古加鹼,快克,古柯鹼,可卡因,,,,,,,,「古柯鹼」或「可卡因」，都來源於英文原名Cocaine或Cocain的音譯。
住,藥物毒素,ㄢ　ㄈㄟ　ㄊㄚ　ㄇㄧㄥˋ,ān fēi tā mìng,安非他命,安非他明,冰毒,冰毒,安非他明,,,,,,,,「安非他命」和「安非他明」來自於其英文Amphetamine的音譯。
住,藥物毒素,ㄒㄧˋ　ㄐㄧㄠ,xì jiāo,矽膠,,,硅膠,,,矽膠,硅膠,,,,,「硅」是「矽」的舊譯。中國大陸今日仍然使用。
住,藥物毒素,ㄚ　ㄙ　ㄆㄧ　ㄌㄧㄥˊ,ā sī pī ling,阿斯匹靈,阿司匹靈,,阿斯匹林,阿司匹林,,阿士匹靈,,,阿斯匹靈,阿士匹靈,阿斯匹林,「阿斯匹靈」是英文Aspirin的音譯，在臺灣、大陸與港澳地區的名稱，因翻譯用字的不同，各有些微差異。
住,藥物毒素,ㄨㄟ　ㄦˊ　ㄍㄤ,wēi ér gāng,威而鋼,昔多芬,,萬艾可,昔多芬,西地那非,威而鋼,昔多芬,萬艾可,,,,「威而鋼」的主要成分是西地那非（Sildenafil），因此又稱為「西地那非」或音譯為「昔多芬」。藥品註冊時，以「威而鋼」在臺灣和香港註冊，以「萬艾可」在大陸註冊，因此兩地名稱略有不同。「偉哥」是大陸俗稱。
住,藥物毒素,ㄈㄚ　ㄆㄠˋ　ㄉㄧㄥˋ,fā pào ding,發泡錠,,,泡騰片,,,,,,,,,大陸稱它為「泡騰片」，是因為藥片入水後產生氣泡，並上下翻滾的形象而得名。
住,藥物毒素,ㄏㄨㄤˊ　ㄑㄩˊ　ㄉㄨˊ　ㄙㄨˋ,huáng qú dú sù,黃麴毒素,,,黃曲霉素,黃曲霉毒素,,,,,,,,
住,健康,,,生理時鐘,,,生物鐘,,,,,,,,,
住,健康,,,亞健康,,,亞健康,次健康,第三狀態,,,,,,,
住,健康,,,帶原者,,,病原攜帶者,,,,,,,,,
住,健康,,,殘疾人士,殘障者,,殘疾人,,,,,,,,,
住,健康,,,殘障,,,殘疾,,,,,,,,,
住,健康,,,腦死,,,腦死亡,,,,,,,,,
住,健康,,,腦波,,,腦電波,,,,,,,,,
住,職業,ㄙㄨ　ㄏㄨㄛˊ　ㄗㄨˊ,sū huó zú,SOHO族,蘇活族,,SOHO族,蘇豪族,,,,,,,,「SOHO族」是英文Small Office Home Office的縮稱。而「蘇活族」或「蘇豪族」則是SOHO的音譯。
住,職業,,,不動產經紀人,不動產仲介人員,,房地產營銷員,房地產營銷師,,,,,,,,
住,職業,ㄊㄨㄥˊ　ㄅㄨˋ　ㄎㄡˇ　ㄧˋ,tóng bù kǒu yì,同步口譯,,,同聲傳譯,同聲翻譯,同傳,實時傳譯,同聲傳譯,即時傳譯,實時傳譯,同聲傳譯,即時傳譯,大陸所說的「同聲傳譯」，香港所說的「實時傳譯」、「即時傳譯」，都強調譯者彷彿與講者同出一聲，迅速傳達的即時性。
住,職業,,,房屋仲介,,,房屋中介,,,,,,,,,
住,職業,,,服務生,,,服務員,,,,,,,,,
住,職業,,,泥水工,,,瓦工,,,,,,,,,
住,職業,,,保姆,,,保育員,,,,,,,,,
住,職業,,,清潔員,清潔工,,保潔員,保潔工,,,,,,,,
住,職業,,,清潔隊員,清潔工,,環衛工人,,,,,,,,,
住,職業,,,程式員,程式設計師,,程序員,,,,,,,,,
住,職業,,,銷售員,,,導購員,導購,,,,,,,,
住,職業,,,警衛,保全員,保全,保安,保安人員,安保,,,,,,,
住,就業工作,,,上工,出勤,,出工,出勤,,,,,,,,
住,就業工作,,,日班,,,白班,,,日更,,,日班,日更,,
住,就業工作,,,代班,,,頂班,,,,,,,,,
住,就業工作,,,半工半讀,,,半脫產學習,半脫產進修,,,,,,,,
住,就業工作,,,失業,,,失業,下崗,,,,,,,,
住,就業工作,,,在職,,,在職,在崗,,,,,,,,
住,就業工作,ㄗㄞˋ　ㄓˊ　ㄒㄩㄣˋ　ㄌㄧㄢˋ,zài zhí xùn liàn,在職訓練,,,在職培訓,,,,,,,,,通常大陸企業的「在職培訓」，又分為在崗培訓和離崗培訓兩種。前者是以短期的系列演講和課程為主，員工在工作之餘參加，而後者則通常是員工暫時離開職務，到職業院校或專門機構中受訓。
住,就業工作,,,年終獎金,,,年終獎,,,,,,,,,
住,就業工作,,,年資,,,工齡,,,,,,,,,
住,就業工作,,,長官,,,領導,,,,,,,,,
住,就業工作,ㄎㄜ　ㄒㄩㄝˊ　ㄩㄢˊ　ㄑㄩ,kē xué yuán qū,科學園區,,,科學園區,科技園,科技工業園,科技園,,,,,,科學園區是來自於英文Science Park或Science and Technology park的義譯。
住,就業工作,,,約聘人員,,,合同工,,,,,,,,,
住,就業工作,,,計時人員,,,小時工,,,,,,,,,
住,就業工作,,,重新雇用,,,返聘,,,,,,,,,
住,就業工作,ㄌㄧㄡˊ　ㄓˊ　ㄐㄧㄣˋ　ㄒㄧㄡ,liú zhí jìn xiū,留職進修,,,脫產學習,進修,,,,,,,,大陸所說的「脫產學習」，脫產即是指脫離生產，意思是指員工脫離工作生產崗位，加強學習。
住,就業工作,,,病假,,,病假,病休,,,,,,,,
住,就業工作,,,副業,,,副業,第二職業,,,,,,,,
住,就業工作,ㄓˊ　ㄒㄧㄥˊ　ㄓㄤˇ,zhí xíng zhǎng,執行長,,,首席執行官,,,行政總裁,,,行政總裁,執行長,,大陸稱「首席執行長」是由英文Chief Executive Officer義譯而來。
住,就業工作,,,專案經理,,,項目經理,,,,,,,,,
住,就業工作,ㄔㄨㄤˋ　ㄒㄧㄣ　ㄩˋ　ㄔㄥˊ　ㄓㄨㄥ　ㄒㄧㄣ,chuàng xīn yù chéng zhōng xīn,創新育成中心,育成中心,,企業孵化器,,,,,,,,,「創新育成中心」的英文為Business Incubator。Incubator的意思是指人工孵化禽類的孵育設備，大陸直譯為「企業孵化器」。
住,就業工作,ㄐㄧㄡˋ　ㄧㄝˋ　ㄅㄛˊ　ㄌㄢˇ　ㄏㄨㄟˋ,jiù yè bó lǎn huì,就業博覽會,,,招聘會,,,,,,,,,
住,就業工作,,,發薪,,,發薪,,,出糧,,,出糧,,,
住,就業工作,ㄕˋ　ㄒㄩㄣˋ　ㄏㄨㄟˋ　ㄧˋ,shì xùn huì yì,視訊會議,,,電視會議,,,,,,,,,
住,就業工作,ㄓㄡ　ㄒㄧㄡ　ㄦˋ　ㄖˋ,zhōu xiū èr rì,週休二日,,,雙休,雙休日,,,,,,,,臺灣從1998年開始實施隔週休二日，2001年開始實施週休二日。大陸從1994年試行隔週五天工作制，1995年開始實行五天工作制。大陸所說的「雙休」，即指每週休息兩天。
住,就業工作,,,徵才,求才,,招工,,,,,,,,,
住,就業工作,,,調查研究,,,調查研究,調研,,,,,,,,
住,就業工作,,,調班,,,倒休,,,,,,,,,
住,就業工作,,,調薪,,,調資,,,,,,,,,
住,就業工作,ㄧㄥˊ　ㄩㄣˋ　ㄓㄤˇ,yíng yùn zhǎng,營運長,營運總監,,營運總監,首席運營官,,營運總監,,,營運總監,營運長,,大陸所用的「首席運營官」是英文Chief Operating Officer的義譯。
住,就業工作,,,職前訓練,,,崗前培訓,,,,,,,,,
住,就業工作,,,鐘點費,,,課時工資,,,,,,,,,
住,就業工作,,,續聘,,,續聘,連聘,,,,,,,,
住,經濟,,,人才流失,,,腦流失,智力流失,,,,,,,,
住,經濟,ㄒㄧㄠˇ　ㄓㄨㄥˋ　ㄕˋ　ㄔㄤˇ,xiǎo zhòng shì chǎng,小眾市場,,,縫隙市場,針尖市場,利基市場,小眾市場,縫隙市場,,小眾市場,縫隙市場,,臺灣稱「小眾市場」，或大陸稱「縫隙市場」、「針尖市場」均是自英文Niche Market義譯而來。「利基市場」則是兼具義譯和音譯的翻譯詞。
住,經濟,ㄧˇ　ㄎㄞ　ㄈㄚ　ㄍㄨㄛˊ　ㄐㄧㄚ,yǐ kāi fā guó jiā,已開發國家,,,發達國家,已發展國家,,發達國家,已開發國家,,發達國家,已開發國家,,「已開發國家」或「發達國家」、「已發展國家」都是英文Developed Country的義譯。
住,經濟,ㄨㄞˋ　ㄏㄨㄟˋ　ㄘㄨㄣˊ　ㄉㄧˇ,wài huì cún dǐ,外匯存底,,,外匯儲備,,,,,,,,,
住,經濟,ㄉㄨㄛ　ㄊㄡˊ　ㄕˋ　ㄔㄤˇ,duō tóu shì chǎng,多頭市場,,,牛市,,,牛市,,,牛市,,,臺灣所說的「多頭市場」表示投資人將資金投入市場，手邊多出一些證券商品，期望購買標的物後價格上漲，可獲取差額。大陸地區稱「牛市」則是來源於英文Bull market一詞的直譯。
住,經濟,,,年增率,,,同比,,,,,,,,,
住,經濟,ㄉㄧ　ㄕㄡ　ㄖㄨˋ　ㄏㄨˋ,dī shōu rù hù,低收入戶,,,低收入戶,特別困難戶,特困戶,,,,,,,大陸的特別困難戶標準是家庭年收入低於貧困線以下。貧困線由國家統計局設定，作為識別農村貧困人口規模和農村貧困發生率的標準。2011年時中國大陸的貧困線標準是年收入1196元人民幣。
住,經濟,,,利多,,,利好,,,,,,,,,
住,經濟,,,投資報酬率,,,投資回報率,,,,,,,,,
住,經濟,ㄈㄤˊ　ㄨ　ㄕㄨㄟˋ,fáng wū shuì,房屋稅,,,房產稅,,,,,,,,,大陸的房產稅和臺灣最大不同在於，個人所有非營業用房屋不需要繳納房產稅，計算標準則是按照房屋的計稅餘值或租金收入課徵。
住,經濟,ㄈㄨˊ　ㄨˋ　ㄧㄝˋ,fú wù yè,服務業,,,服務業,第三產業,,,,,,,,
住,經濟,ㄓ　ㄕˋ　ㄔㄢˇ　ㄧㄝˋ,zhī shì chǎn yè,知識產業,,,智力產業,,,,,,,,,「知識產業」或「智力產業」都來源於英文Knowledge Industry一詞的義譯。
住,經濟,ㄎㄨㄥˋ　ㄉㄧˋ　ㄕㄨㄟˋ,kòng dì shuì,空地稅,,,土地閒置稅,,,,,,,,,大陸除針對閒置兩年的空地進行無償回收政策之外，對於閒置不滿兩年的土地課徵地價20%的土地閒置費，並對閒置地產用地課徵增值地價，以平抑地價。
住,經濟,ㄎㄨㄥ　ㄊㄡˊ　ㄕˋ　ㄔㄤˇ,kōng tóu shì chǎng,空頭市場,,,熊市,,,熊市,,,熊市,,,大陸地區所說的「熊市」，是來源英文Bear Market一詞的義譯。
住,經濟,,,股票跌破行情,,,破發,,,,,,,,,
住,經濟,,,指數,,,係數,,,,,,,,,
住,經濟,ㄏㄤˊ　ㄊㄞˋ　ㄎㄜ　ㄐㄧˋ,háng tài kē jì,航太科技,航太工業,,航天科技,航天工業,,,,,,,,
住,經濟,,,國內貿易,,,內貿,,,,,,,,,
住,經濟,,,國庫,,,國庫,金庫,,,,,,,,
住,經濟,ㄍㄨㄛˊ　ㄧㄥˊ　ㄕˋ　ㄧㄝˋ,guó yíng shì yè,國營事業,國營企業,,國營企業,國有企業,國企,公營機構,,,,,,"大陸的國有企業是指企業全部資產歸於國家，且按規定登記註冊的非公司制經濟組織。國有企業和民營企業一樣，皆以營利為目的。有的國有企業，原本是從政府部門轉變而來，如中國電信、中國移動，前身為政府單位郵電部。
香港地區的公營機構，由香港特別行政區政府出資營運，負責特定公共服務，或政府認為需要社會人士參與的工作。公營機構不屬於政府單位，職能雖與政府部門相似，但成員不是公務員。"
住,經濟,,,強勢貨幣,,,硬通貨,,,,,,,,,
住,經濟,,,軟實力,,,軟實力,軟力量,,,,,,,,
住,經濟,ㄊㄨㄥ　ㄏㄨㄛˋ　ㄆㄥˊ　ㄓㄤˋ,tōng huò péng zhàng,通貨膨脹,,,通貨膨脹,通脹,,,,,,,,
住,經濟,ㄎㄞ　ㄈㄚ　ㄓㄨㄥ　ㄍㄨㄛˊ　ㄐㄧㄚ,kāi fā zhōng guó jiā,開發中國家,,,發展中國家,欠發達國家,,,,,,,,「開發中國家」、「發展中國家」、「欠發達國家」都是來源於英文Developing Country的義譯。
住,經濟,ㄗ　ㄒㄩㄣˋ　ㄔㄢˇ　ㄧㄝˋ,zī xùn chǎn yè,資訊產業,,,信息產業,,,,,,,,,
住,經濟,ㄉㄠˋ　ㄑㄩㄥˊ　ㄍㄨㄥ　ㄧㄝˋ　ㄆㄧㄥˊ　ㄐㄩㄣ　ㄓˇ　ㄕㄨˋ,dào qióng gōng yè píng jūn zhǐ shù,道瓊工業平均指數,道瓊工業指數,道瓊指數,道瓊斯工業平均指數,道瓊斯指數,道指,道瓊斯指數,,,道瓊斯指數,,,
住,經濟,ㄌㄩˋ　ㄙㄜˋ　ㄗ　ㄒㄩㄣˋ　ㄎㄜ　ㄐㄧˋ,lǜ sè zī xùn kē jì,綠色資訊科技,,,綠色科技,綠色IT,,,,,,,,大陸稱「綠色IT」是從英文Green IT一詞直譯而來。
住,經濟,,,與上月同期比較,,,環比,,,,,,,,,
住,經濟,,,銀髮市場,銀髮產業,,夕陽市場,,,,,,,,,
住,經濟,ㄖㄜˋ　ㄑㄧㄢˊ,rè qián,熱錢,游資,逃避資本,熱錢,熱幣,投機性短期資本,熱錢,游資,流資,熱錢,游資,,
住,經濟,,,機率,概率,,概率,,,,,,,,,
住,經濟,,,證管會,,,證監會,,,,,,,,,
住,商業,ㄈㄣ　ㄑㄧˊ　ㄈㄨˋ　ㄎㄨㄢˇ,fēn qí fù kuǎn,分期付款,,,分期付款,月供,,,,,,,,分期付款經常以月為期，因此大陸俗稱為「月供」，表示付款人每月需繳交一定數額的款項。
住,商業,,,回檔,,,回調,,,,,,,,,
住,商業,,,底標,,,標底,,,,,,,,,
住,商業,,,房市,,,樓市,,,,,,,,,
住,商業,ㄈㄤˊ　ㄨ　ㄐㄧㄣ　ㄊㄧㄝ,fáng wū jīn tiē,房屋津貼,,,住房補貼,房補,,房屋津貼,房津,,房屋津貼,房津,房補,大陸的政府機構或國家單位針對沒有房子，或住房面積未達一定標準的員工，提供房屋津貼福利。「房補」即是「住房補貼」的簡稱。
住,商業,ㄉㄧˇ　ㄧㄚ　ㄉㄞˋ　ㄎㄨㄢˇ,dǐ yā dài kuǎn,抵押貸款,,,抵押貸款,按揭貸款,按揭,按揭,按揭貸款,,按揭,按揭貸款,,「按揭」是英文Mortgage的粵語音譯，後逐漸流通，成為普遍用詞。
住,商業,ㄎㄨㄥ　ㄊㄡˊ　ㄍㄨㄥ　ㄙ,kōng tóu gōng sī,空頭公司,空殼公司,紙上公司,皮包公司,,,,,,,,,
住,商業,,,空頭支票,,,白條,,,,,,,,,
住,商業,,,保證價格,,,保護價,,,,,,,,,
住,商業,,,信用合作社,,,信用合作社,信用社,,,,,,,,
住,商業,,,信用狀,,,信用證,,,,,,,,,
住,商業,,,高價轉賣,,,倒賣,,,,,,,,,
住,商業,ㄓˋ　ㄏㄨㄟˋ　ㄘㄞˊ　ㄔㄢˇ　ㄑㄩㄢˊ,zhì huì cái chǎn quán,智慧財產權,,,知識產權,,,,,,,,,
住,商業,,,開低,,,低開,,,,,,,,,
住,商業,,,開高,,,高開,,,,,,,,,
住,商業,ㄓˋ ㄖㄨˋ ㄒㄧㄥˋ ㄒㄧㄥˊ ㄒㄧㄠ,zhì rù xìng xíng xiāo,置入性行銷,置入性廣告,置入式行銷,隱性廣告,軟廣告,軟性廣告,,,,,,,
住,商業,,,零存整付,,,零存整取,,,,,,,,,
住,商業,ㄨㄤˇ　ㄌㄨˋ　ㄧㄣˊ　ㄏㄤˊ,wǎng lù yín háng,網路銀行,,,網絡銀行,網上銀行,,網絡銀行,,,網絡銀行,,,臺灣稱「網路銀行」，大陸、香港、澳門稱「網上銀行」、「網絡銀行」都翻譯自英文的Internet Banking。
住,商業,,,增值儲蓄,,,保值儲蓄,,,,,,,,,
住,商業,ㄕㄨㄤ　ㄒㄧㄣ　ㄐㄧㄚ　ㄊㄧㄥˊ,shuāng xīn jiā tíng,雙薪家庭,,,雙職工家庭,,,,,,,,,
住,買賣交易,,,大賣場,,,商城,,,,,,,,,
住,買賣交易,,,不二價,,,一口價,,,,,,,,,
住,買賣交易,,,中盤商,中盤,,中間商,,,,,,,,,
住,買賣交易,,,公司貨,,,行貨,,,,,,,,,
住,買賣交易,ㄉㄞˋ　ㄍㄨㄥ,dài gōng,代工,,,貼牌,加代工,,,,,,,,
住,買賣交易,,,正字標記產品,,,國優產品,,,,,,,,,
住,買賣交易,,,正貨,,,正品,,,,,,,,,
住,買賣交易,,,次級品,次貨,,次品,,,,,,,,,
住,買賣交易,,,自動販賣機,,,自動售貨機,,,,,,,,,
住,買賣交易,,,拍賣,,,拍賣,甩賣,,,,,,,,
住,買賣交易,,,明星商品,,,拳頭商品,,,,,,,,,
住,買賣交易,,,門市,營業據點,,門市,營業廳,,,,,,,,
住,買賣交易,,,便利店,便利商店,超商,便利店,,,,,,,,,
住,買賣交易,,,保存期限,,,保質期,,,,,,,,,
住,買賣交易,,,保固期,,,保修期,,,,,,,,,
住,買賣交易,,,倒店,,,關張,,,,,,,,,
住,買賣交易,,,缺貨,,,缺貨,斷檔,脫銷,,,,,,,
住,買賣交易,,,停工,,,停工,下馬,,,,,,,,
住,買賣交易,,,動工,,,動工,上馬,,,,,,,,
住,買賣交易,ㄕㄡˋ　ㄏㄡˋ　ㄈㄨˊ　ㄨˋ,shòu hòu fú wù,售後服務,,,售後服務,銷後服務,三包,,,,,,,"大陸所說的「三包」則是指零售商對購買商品的顧客實行包修、包換、包退的服務。買方購入商品後，在非人為破壞的情況下，若商品損壞，賣方在一定期限內對於故障商品給予修換退的保證。
但在大陸，「三包」的另外一個意思與商品售後服務無關，而是指沿街兩側的商家和住家，針對自家門前包清潔、包綠化和包秩序。"
住,買賣交易,,,商店街,,,商業街,,,,,,,,,
住,買賣交易,,,盜版,,,盜版,山寨,,,,,,,,
住,買賣交易,,,超市,超級市場,,超市,自選市場,,,,,,,,
住,買賣交易,,,黃金店面,,,旺舖,,,,,,,,,
住,買賣交易,,,熱門貨,熱貨,搶手貨,熱門貨,熱貨,緊俏貨,,,,,,,
住,買賣交易,,,瑕疵品,劣貨,,殘品,殘貨,,,,,,,,
住,買賣交易,,,零碼貨,零碼,,斷碼貨,尾貨,,,,,,,,
住,買賣交易,,,暢銷商品,,,大路貨,,,,,,,,,
住,買賣交易,,,網路行銷,,,網絡營銷,,,,,,,,,
住,買賣交易,,,儲值,加值,,充值,,,增值,,,增值,,,
住,買賣交易,,,營運,,,運營,,,,,,,,,
住,買賣交易,,,購物籃,購物籃子,,購物筐,,,,,,,,,
行,航空,,,空中少爺,空少,,空哥,,,,,,,,,
行,航空,,,空中巴士,,,空中客車,,,,,,,,,
行,航空,,,空中服務員,空服員,,空中乘務員,,,,,,,,,
行,航空,,,空橋,登機橋,,登機廊橋,登機橋,廊橋,,,,,,,
行,航空,ㄏㄟ　ㄏㄜˊ　˙ㄗ,hēi hé zi,黑盒子,飛行資料記錄器,,黑盒子,黑匣子,飛行參數紀錄系統,,,,,,,
行,航空,,,候機室,,,候機聽,,,,,,,,,
行,航空,,,航站大廈,,,航站樓,,,,,,,,,
行,航空,,,渦輪噴射,,,渦輪噴氣,,,,,,,,,
行,航空,,,登機門,,,登機口,,,登機口,,,,,,
行,航空,,,登機證,,,登機牌,,,登機牌,,,,,,
行,航空,ㄆㄣ　ㄕㄜˋ　ㄐㄧ,pēn shè jī,噴射機,,,噴氣式飛機,,,,,,,,,臺灣稱為「噴射機」，大陸稱「噴氣式飛機」，均在強調其動力系統。
行,交通設施,ㄍㄨㄥ　ㄔㄜ　ㄓㄨㄢ　ㄩㄥˋ　ㄉㄠˋ,gōng chē zhuān yòng dào,公車專用道,,,公交專用道,公交車道,,巴士專線,,,巴士專道,,,
行,交通設施,ㄊㄧㄢ　ㄑㄧㄠˊ,tiān qiáo,天橋,陸橋,,天橋,陸橋,過街橋,天橋,行人天橋,,天橋,行人天橋,,大陸稱「過街橋」、「過街天橋」則是強調提供行人過街的功能。
行,交通設施,,,月臺安全門,月臺門,,屏蔽門,遮罩門,月臺幕門,,,,,,,
行,交通設施,,,平交道,,,道口,,,,,,,,,
行,交通設施,,,交通號誌,,,交通信號燈,,,,,,,,,
行,交通設施,,,交通錐,,,警示桶,,,,,,,,,
行,交通設施,,,地下道,人行地下道,,地下道,地下通道,,,,,,,,
行,交通設施,,,自行車專用道,自行車道,,自行車慢行車道,,,,,,,,,
行,交通設施,ㄒㄧㄥˊ　ㄖㄣˊ　ㄊㄨˊ　ㄅㄨˋ　ㄑㄩ,xíng rén tú bù qū,行人徒步區,徒步區,,步行街,,,行人專用區,,,行人專用區,,,
行,交通設施,,,快車道,,,快車道,快行線,,,,,,,,
行,交通設施,,,紐澤西護欄,,,隔離墩,,,,,,,,,
行,交通設施,ㄍㄠ　ㄐㄧㄚˋ　ㄑㄧㄠˊ,gāo jià qiáo,高架橋,交流道,,高架橋,立體交叉橋,立交橋,立交橋,,,立交橋,,,大陸的「立交橋」全稱為立體交叉橋，強調橋體的立體交叉式設計。
行,交通設施,ㄍㄠ　ㄔㄥˊ　ㄗㄞˋ　ㄓㄨㄢ　ㄩㄥˋ　ㄉㄠˋ,gāo chéng zài zhuān yòng dào,高乘載專用道,,,高載客率專用車道,HOV車道,,,,,,,,高乘載專用道的英文全名是High-occupancy Vehicle Lane，縮稱HOV，因此又稱HOV車道。
行,交通設施,ㄅㄢ　ㄇㄚˇ　ㄨㄣˊ　ㄒㄧㄥˊ　ㄖㄣˊ　ㄔㄨㄢ　ㄩㄝˋ　ㄒㄧㄢˋ,bān mǎ wén xíng rén chuān yuè xiàn,斑馬紋行人穿越線,斑馬線,行人穿越道,橫道線,人行橫道,,斑馬紋行人穿越線,斑馬線,,斑馬線,人行橫道,,
行,交通設施,ㄩㄢˊ　ㄏㄨㄢˊ,yuánhuán,圓環,,,環形交叉,環島,轉盤,迴旋處,,,圓形地,迴旋處,,大陸通常將「圓環」稱作「環島」
行,交通設施,ㄉㄧㄢˋ　ㄉㄨㄥˋ　ㄕㄡˇ　ㄈㄨˊ　ㄊㄧ,diàn dòng shǒu fú tī,電動手扶梯,電動扶梯,電扶梯,電扶梯,步行電梯,滾梯,電動梯,行人電梯,扶手電梯,電動梯,扶手電梯,,
行,交通設施,ㄗˋ　ㄉㄨㄥˋ　ㄒㄧㄥˊ　ㄖㄣˊ　ㄕㄨ　ㄙㄨㄥˋ　ㄉㄞˋ,zì dòng xíng rén shū sòng dài,電動步道,電動平面步道,自動行人輸送帶,自動步道,自動行人道,,電動道,自動行人輸送帶,,電動道,自動行人輸送帶,,
行,交通設施,,,慢車道,,,慢行道,,,,,,,,,
行,交通設施,,,暫停線,等待線,,安全線,,,,,,,,,
行,交通設施,ㄉㄧㄠˋ　ㄅㄛ　ㄔㄜ　ㄉㄠˋ,diào bō chē dào,調撥車道,,,可變向車道,變向車流車道,潮汐車道,潮水式行車,,,潮水式行車,,,因為調撥車道的使用經常發生在每日早晚上下班的尖峰時段，定時調整，有如潮汐，因此大陸稱為「潮汐車道」，而香港澳門有「潮水式行車」等稱呼。
行,交通設施,ㄉㄠˇ　ㄇㄤˊ　ㄓㄨㄢ,dǎo máng zhuān,導盲磚,,,盲道磚,,,,,,,,,
行,交通設施,,,雙向道路,雙向車道,,雙行道,雙行線,,,,,,,,
行,大眾交通運輸,ㄍㄨㄥ　ㄔㄜ　ㄐㄧㄝˊ　ㄩㄣˋ　ㄒㄧˋ　ㄊㄨㄥˇ,gōng chē jié yùn xì tǒng,公車捷運系統,公車式捷運,,快速公交,,,,,,,,,
行,大眾交通運輸,ㄍㄨㄥ　ㄔㄜ,gōng chē,公車,公共汽車,,公交,公共汽車,公交車,公交巴士,,,公交巴士,,,臺灣所說的「公車」，在大陸指「公交車」。而大陸「公車」的意思，是指政府機關或公司行號因為處理公務而配置的車輛，意思等同於臺灣的「公務車」或「公家車」。兩岸指稱的意思完全不同。
行,大眾交通運輸,,,公車亭,,,公交站亭,,,,,,,,,
行,大眾交通運輸,,,交通車,,,班車,,,,,,,,,
行,大眾交通運輸,ㄐㄧˋ　ㄔㄥˊ　ㄔㄜ,jì chéng chē,計程車,出租汽車,出租車,出租汽車,出租車,的士,的士,出租汽車,出租車,的士,出租汽車,出租車,"「的士」源於計程車的英文Texi的粵語音譯。因計程車最早出現在經濟較發達的香港與廣東等地，所以「的士」一詞逐漸傳播到中國，廣泛使用。
「差頭」是上海方言。來源有兩種說法，一種是來自於「出租」的英文Chatrter的上海話音譯，另外一種可能是源於早期上海的計程車每接一趟生意稱為「出一差」，所以出租車就叫「差頭」。"
行,大眾交通運輸,,,連結式巴士,掛接巴士,鉸接客車,鉸接車,通道車,,,,,,,,
行,大眾交通運輸,ㄅㄛˊ　ㄞˋ　ㄗㄨㄛˋ,bó ài zuò,博愛座,,,老弱病殘孕專座,,,優先座,,,優先座,,,
行,大眾交通運輸,ㄍㄨㄥˋ　ㄔㄥˊ,gòng chéng,共乘,,,拼車,,,,,,,,,
行,大眾交通運輸,,,加班車,,,加車,,,,,,,,,
行,大眾交通運輸,,,公車站,,,公交站,,,,,,,,,
行,大眾交通運輸,,,跳表,按表計費,,跳表,打表,,,,,,,,
行,大眾交通運輸,,,車資計算器,計費器,,出租車計價器,,,,,,,,,
行,大眾交通運輸,,,準點,,,正點,,,,,,,,,
行,大眾交通運輸,,,直達列車,,,直達特快,,,,,,,,,
行,大眾交通運輸,,,自強號,,,特快,,,,,,,,,
行,大眾交通運輸,,,平快車,,,普快,,,,,,,,,
行,大眾交通運輸,,,列車服務員,,,列車員,,,,,,,,,
行,大眾交通運輸,,,誤點,延誤,,晚點,,,,,,,,,
行,大眾交通運輸,,,捷運,,,地鐵,,,,,,,,,
行,大眾交通運輸,,,轉搭,,,中轉,,,,,,,,,
行,大眾交通運輸,,,過站不停,,,甩站,,,飛站,,,,,,
行,大眾交通運輸,,,機場巴士,,,機場大巴,,,,,,,,,
行,車輛,,,手排,,,手排,手動檔,,棍波,手動波,,棍波,手動波,,
行,車輛,,,手煞車,手剎車,,手剎,,,,,,,,,
行,車輛,,,方向燈,,,轉向燈,,,,,,,,,
行,車輛,,,火星塞,,,火花塞,,,,,,,,,
行,車輛,,,自排,,,自動檔,,,自動波,,,自動波,,,
行,車輛,,,雨刷,,,雨刮器,,,水撥,,,水撥,,,
行,車輛,,,保險桿,,,保險槓,,,,,,,,,
行,車輛,,,後車廂,,,後備箱,,,,,,,,,
行,車輛,,,後照鏡,照後鏡,,後視鏡,,,,,,,,,
行,車輛,,,消音器,,,消聲器,,,,,,,,,
行,車輛,,,堆高機,,,叉車,鏟車,,鏟車,,,鏟車,,,
行,車輛,,,登山車,,,登山車,山地車,,,,,,,,
行,車輛,,,輕型機車,,,輕騎,,,,,,,,,
行,車輛,,,聯結車,,,拖掛車,,,,,,,,,
行,車輛,,,露營車,,,房車,拖掛車,,,,,,,,
行,交通規則,,,右轉,,,右轉,小拐,,,,,,,,
行,交通規則,,,左轉,,,左轉,大拐,,,,,,,,
行,交通規則,ㄅㄞˊ　ㄆㄞˊ　ㄔㄜ,bái pái chē,白牌車,無照計程車,,黑車,,,白牌車,,,白牌車,,,早期香港正規的計乘車車牌是黑底白字，非商用車的車牌是白底黑字，所以用私家車非法載客的車輛便稱為「白牌車」，後來臺灣也用白牌車稱呼無照計乘車。
行,交通規則,ㄒㄧㄥˊ　ㄔㄜ　ㄓˊ　ㄓㄠˋ,xíng chē zhí zhào,行車執照,行照,,行駛證,車照,,,,,,,,
行,交通規則,,,車輛擦撞,,,蹭車,,,,,,,,,
行,交通規則,,,追撞,,,追尾,,,,,,,,,
行,交通規則,ㄐㄧㄢ　ㄌㄧˇ　ㄙㄨㄛˇ,jiān lǐ suǒ,監理所,,,車輛管理所,車管所,,,,,,,,
行,交通規則,ㄐㄧㄚˋ　ㄕˇ　ㄓˊ　ㄓㄠˋ,jià shǐ zhí zhào,駕駛執照,駕照,,駕照,駕駛證,車本,車牌,,,車牌,,,
行,交通規則,,,變換車道,,,變線,,,,,,,,,
行,郵件運輸,,,快遞,,,快遞,特快專遞,,,,,,,,
行,郵件運輸,,,癸字戳,,,集郵日戳,,,,,,,,,
行,郵件運輸,ㄏㄨㄛˋ　ㄍㄨㄟˋ,huò guì,貨櫃,,,集裝箱,,,貨櫃,,,貨櫃,,,
行,郵件運輸,,,郵政儲金,,,郵政儲蓄,,,,,,,,,
行,郵件運輸,,,郵票卡,,,郵折,,,,,,,,,
行,郵件運輸,ㄧㄡˊ　ㄉㄧˋ　ㄑㄩ　ㄏㄠˋ,yóu dì qū hào,郵遞區號,,,郵政編碼,郵編,,,,,,,,臺灣採三加二制，共五碼，第一位表示縣市，第二、三位表示鄉鎮市區，最後兩號區分鄰里及投遞段。大陸採四級六位編碼制，前兩位表示省，第三位指郵區，第四位指縣市，最後兩位數表示投遞區位置。
行,郵件運輸,,,複合運輸,,,聯合運輸,,,,,,,,,
育,教育,,,大學聯盟,,,大學聯合體,,,,,,,,,
育,教育,ㄓㄨㄥ　ㄔㄨㄛˋ　ㄕㄥ,zhōng chuò shēng,中輟生,中途輟學生,,流失生,流生,,,,,,,,
育,教育,,,仁愛學校,,,殘疾人學校,,,,,,,,,
育,教育,,,公立學校教師,,,公辦教師,,,,,,,,,
育,教育,,,文化不利兒童,弱勢兒童,,處境不良兒童,處境不利兒童,,,,,,,,
育,教育,,,幼稚園,,,幼兒園,,,,,,,,,
育,教育,,,全職研究生,,,脫產研究生,,,,,,,,,
育,教育,,,在家自行教育,,,在家上學,,,,,,,,,
育,教育,,,考試導向教育,,,應試教育,,,,,,,,,
育,教育,ㄙ　ㄌㄧˋ　ㄉㄚˋ　ㄒㄩㄝˊ,sī lì dà xué,私立大學,,,民辦大學,民辦高校,,,,,,,,"中國大陸早期的私立大學，在1949年以後，全數被併校或撤校。直至1980年，始允許民辦大學成立。
今日大陸民辦大學超過千所，但為國家所承認者不到三百。多數民辦大學缺乏審核和監督。學校的營運經費完全仰賴學費收入，只要入學人數減少，學校經營就會發生困難，因此師資設備參差、教學品質良莠不齊，且學歷不一定受國家認可。
另外，大陸地區公立大學的入學生，可因入學讀書將戶籍改設於學校所在地，但民辦大學學生不適用於此項規定。"
育,教育,,,姊妹校,,,兄弟學校,,,,,,,,,
育,教育,ㄎㄨㄥ　ㄓㄨㄥ　ㄉㄚˋ　ㄒㄩㄝˊ,kōng zhōng dà xué,空中大學,空大,,廣播電視大學,電視大學,電大,,,,,,,大陸的廣播電視大學，並不是一座具體的學校，而是由中央廣播電視大學與各地廣播電視大學組合而成的遠距教育機構，畢業後由中央廣播電視大學統一頒發畢業證書，如果通過聯合辦學大學的學位認可要求，則由合辦大學頒發畢業證書。
育,教育,ㄔㄤˊ　ㄑㄧㄥ　ㄉㄚˋ　ㄒㄩㄝˊ,cháng qīng dà xué,長青大學,老人大學,松年大學,老年人大學,老年大學,老齡大學,,,,,,,"臺灣第一座長青大學起源於1982年，由高雄市政府與基督教女青年會共同籌辦。中國大陸的第一座老年大學創辦於1983年山東省。
兩岸長青大學或老年大學雖然都屬高齡教育機構，但修習學分和課程內容並不具有實質的學位資格。"
育,教育,,,非應屆畢業生,,,往屆畢業生,往屆生,,,,,,,,
育,教育,,,品格教育,,,品質教育,道德品質教育,,,,,,,,
育,教育,,,待業留學生,,,待業歸國留學生,海待,,,,,,,,
育,教育,,,後段班,放牛班,,慢班,,,,,,,,,
育,教育,,,重考生,,,複讀生,回讀生,,,,,,,,
育,教育,,,師範生公費教育,,,師範生免費教育,,,,,,,,,
育,教育,,,班導師,班導,級任老師,年級輔導員,,,班主任,,,班主任,,,
育,教育,,,訓導處,,,教導處,,,,,,,,,
育,教育,,,啟明學校,,,盲童學校,盲人學校,,,,,,,,
育,教育,,,啟聰學校,,,聾人學校,聾啞人學校,啟聰學校,,,,,,,
育,教育,,,常春藤盟校,,,常春藤聯盟,常青藤聯盟,常青藤盟校,,,,,,,
育,教育,,,教師休假進修,,,學術休假,,,,,,,,,
育,教育,,,清寒學生,,,特困生,,,,,,,,,
育,教育,,,通勤生,通學生,,走讀生,通宿生,,,,,,,,
育,教育,ㄏㄨㄚˊ　ㄑㄧㄠˊ　ㄐㄧㄠˋ　ㄩˋ,huá qiáo jiào yù,華僑教育,僑生教育,僑民教育,海外華人教育,華教,,,,,,,,
育,教育,,,補救教學,,,糾錯教學,矯正指導,補救教學,,,,,,,
育,教育,,,資優生,資賦優異學生,,尖子生,,,,,,,,,
育,教育,,,資優班,前段班,,快班,尖子班,,,,,,,,
育,教育,,,資優教育,,,天才兒童教育,,,,,,,,,
育,教育,,,隔空教育,,,在線教育,,,,,,,,,
育,教育,,,實習老師,,,見習老師,,,,,,,,,
育,教育,ㄩㄢˇ ㄐㄩˋ ㄐㄧㄠ ㄒㄩㄝˊ,yuǎn jù jiāo xué,遠距教學,遠距教育,,遠程教學,遠距離教學,遠程教育,遙距教育,遙距式教育,,遙距教育,遙距式教育,,中國大陸自1970年開辦廣播電視大學。隨著學生對教育的需求和教育的普及，許多大學也設有網路教育學院，開辦課程，提供學生利用網路上線學習。
育,考試,ㄉㄚˋ　ㄒㄩㄝˊ　ㄖㄨˋ　ㄒㄩㄝˊ　ㄎㄠˇ　ㄕˋ,dà xué rù xué kǎo shì,大學入學考試,,,高考,高等學校招生考試,,,,,,,,"中國大陸的高等學校招生考試，雖然是全國統一考試，但各省分幾乎都採用自主命題的試卷。考試科目根據個人選擇而有所不同，除語文、數學、外語三科為必考科目之外，另分成文科和理科兩類。
「高考」一詞在臺、陸兩地都有使用，但意思不同。中國大陸指的是高等學校招生考試，在臺灣指的是公務人員高等考試。"
育,考試,,,申論題,,,論述題,,,,,,,,,
育,考試,ㄉㄨㄛ　ㄧˋ,duō yì,多益,國際溝通英語測驗,,托業,國際交流英語考試,,,,,,,,多益的英文是Test of English for International Communication，縮稱TOEIC。臺灣將縮稱音譯為「多益」，中國大陸則音譯為「托業」。
育,考試,,,克漏字填充測驗,,,完型填空試題,,,,,,,,,
育,考試,,,重考,,,復讀,回讀,,,,,,,,
育,考試,,,猜題,,,猜題,押題,壓題,,,,,,,
育,考試,,,電腦應用軟體檢定考,,,計算機技術與軟件專業技術考試,計算機軟件考試,軟考,,,,,,,
育,考試,,,學力鑑定,,,學業評估,,,,,,,,,
育,班級幹部,,,風紀股長,,,紀律委員,,,,,,,,,
育,班級幹部,,,康樂股長,,,文娛委員,文藝委員,,,,,,,,
育,班級幹部,,,學藝股長,,,學習委員,,,,,,,,,
育,教育評鑑,,,大學評鑑,,,大學評估,,,,,,,,,
育,教育評鑑,,,教育品質,,,教育質量,,,,,,,,,
育,教育評鑑,,,教育評鑑,,,教育評價,,,,,,,,,
育,教育課程與制度,,,共同必修課,,,公共基礎課,,,,,,,,,
育,教育課程與制度,,,私人興學,私人辦學,私人興辦教育,民辦教育,社會力量辦學,,,,,,,,
育,教育課程與制度,ㄐㄧㄢˋ　ㄐㄧㄠˋ　ㄏㄜˊ　ㄗㄨㄛˋ,jiàn jiào hé zuò,建教合作,產教合作,,廠校掛鉤,產教結合,,,,,,,,大陸的「產教結合」、「廠校掛鉤」模式變化性較大，有類似於臺灣建教合作，安排學生進入企業實習工作。也有的是利用學校現有的專業實習工廠和加工設備，吸引企業加盟，由學校出廠房和設備，企業負責指導工人、製作產品、負責推廣銷售，雙方結合培養人才，讓學生和老師都參與生產，在實務中學習技術。
育,教育課程與制度,ㄑㄧㄥˊ　ㄒㄩˋ　ㄓˋ　ㄕㄤ,qíng xù zhì shāng,情緒智商,,,情緒商數,情商,,情緒智商,,,情緒智商,,,情緒智商的英文是Emotional quotient，臺灣縮稱為EQ。
育,教育課程與制度,,,教育程度,,,文化程度,,,,,,,,,
育,教育課程與制度,,,第二外語,,,第二外語,二外,,,,,,,,
育,教育課程與制度,,,當掉,,,掛科,,,,,,,,,
育,教育課程與制度,,,課外教學,,,課外教學,第二課堂教育,第二渠道教育,,,,,,,
育,教育課程與制度,ㄉㄧㄢˇ　ㄗˋ,diǎn zì,點字,盲字,,盲字,盲文,,點字,凸字,,點字,凸字,,臺灣現行的國語點字是注音符號點字系統，採用布雷德系統的記號，以不同的點字記號代表國語注音符號加以排列。大陸的點字系統同樣利用布雷德的六個凸點排列，以漢語拼音表示中文。香港地區的點字系統則是使用粵語拼音。
育,音樂、文化與藝術,ㄍㄨㄛˊ　ㄐㄩˋ,guó jù,國劇,平劇,京劇,京劇,京戲,,京劇,,,京劇,,,清末時平劇流行於北京，而北京的舊名為北平，因此有「平劇」、「京劇」、「京戲」等稱呼。1949年，臺灣政府推廣平劇，定名為「國劇」。
育,音樂、文化與藝術,,,有聲書,,,有聲讀物,,,,,,,,,
育,音樂、文化與藝術,ㄘˋ　ㄨㄣˊ　ㄏㄨㄚˋ,cì wén huà,次文化,副文化,亞文化,亞文化,,,次文化,,,次文化,,,
育,音樂、文化與藝術,ㄒㄧㄥˊ　ㄉㄨㄥˋ　ㄐㄩˋ,xíng dòng jù,行動劇,,,活報劇,,,,,,,,,行動劇的英文為Living Newspaper，大陸所說的「活報劇」，是原文義譯。
育,音樂、文化與藝術,ㄒㄧ　ㄧㄤˊ　ㄑㄧˊ,xī yáng qí,西洋棋,西洋象棋,,國際象棋,,,,,,,,,
育,音樂、文化與藝術,ㄆㄧ　ㄊㄡˊ　ㄙˋ,pī tóu sì,披頭四,,,披頭士,甲殼蟲樂團,,,,,,,,英文團名為The Beatles，臺灣音譯為「披頭四」，大陸則音譯為「披頭士」，義譯為「甲殼蟲樂團」。
育,音樂、文化與藝術,ㄐㄧㄣ　ㄕˋ　ㄕˋ　ㄐㄧㄝˋ　ㄐㄧˋ　ㄌㄨˋ,jīn shì shì jiè jì lù,金氏世界紀錄,,,吉尼斯世界紀錄,,,吉尼斯世界紀錄,健力士世界紀錄,,吉尼斯世界紀錄,健力士世界紀錄,,英文為Guinness World Records，兩岸四地音譯名稱略有差異，大陸稱為「吉尼斯世界紀錄」。
育,音樂、文化與藝術,ㄉㄧˊ　ㄙ　ㄎㄜˇ,dí sī kě,迪斯可,,,迪斯科,,,的士高,,,的士高,,,「迪斯可」、「迪斯科」或「的士高」都來自於英文Disco的中文音譯。在大陸，播放迪斯可音樂提供跳舞娛樂的舞廳，簡稱為「迪廳」。
育,音樂、文化與藝術,,,食譜,,,菜譜,,,,,,,,,
育,音樂、文化與藝術,ㄍㄜ　ㄉㄜˊ　ㄕˋ　ㄧˋ　ㄕㄨˋ,gē dé shì yì shù,哥德式藝術,,,哥特式藝術,,,,,,,,,哥德式藝術的英文為Gothic Art。中國大陸音譯為「哥特式藝術」。
育,音樂、文化與藝術,ㄈㄣˇ　ㄘㄞˇ　ㄏㄨㄚˋ,fěn cǎi huà,粉彩畫,,,色粉畫,粉畫,,,,,,,,
育,音樂、文化與藝術,,,國際標準舞,國標舞,標準舞,國際標準交誼舞,體育舞蹈,,,,,,,,
育,音樂、文化與藝術,ㄍㄨㄛˊ　ㄩㄝˋ,guó yuè,國樂,,,民樂,,,中樂,,,中樂,,,臺灣稱「國樂」強調是國家傳統音樂。大陸稱「民樂」是民族音樂的簡稱，強調是流傳久遠的民間傳統音樂。港澳地區則稱為「中樂」。
育,音樂、文化與藝術,ㄅㄠˋ　ㄉㄠˇ　ㄨㄣˊ　ㄒㄩㄝˊ,bào dǎo wén xué,報導文學,,,報告文學,,,,,,,,,
育,音樂、文化與藝術,ㄆㄨˇ　ㄌㄧˋ　ㄗ　ㄐㄧㄤˇ,pǔ lì zī jiǎng,普立茲獎,普立茲新聞獎,,普立策獎,普力策新聞獎,普利策獎,,,,,,,
育,音樂、文化與藝術,ㄇㄢˋ　ㄏㄨㄚˋ　ㄕㄨ,màn huà shū,漫畫書,,,漫畫書,卡通書,,,,,,,,
育,音樂、文化與藝術,,,數位出版,,,數字出版,,,,,,,,,
育,音樂、文化與藝術,ㄙㄚˋ　ㄎㄜˋ　ㄙ　ㄈㄥ,sà kè sī fēng,薩克斯風,薩克管,,薩克斯管,薩克管,薩士管,色士風,,,薩克斯管,薩克斯風管,色士風,「薩克斯風」來源於英文Saxophone的中文音譯。因為是木管樂器，又有「薩克斯管」、「薩克管」等各種不同的音譯。
育,音樂、文化與藝術,ㄌㄨㄛˊ　ㄇㄢˋ　ㄕˇ,luó màn shǐ,羅曼史,,,羅曼司,,,,,,,,,
育,音樂、文化與藝術,ㄆㄤˊ　ㄎㄜˋ,páng kè,龐克,,,朋克,,,龐克,朋克,崩,龐克,,,無論稱為「龐克」、「朋克」或「崩」，都是英文Punk的音譯。
育,音樂、文化與藝術,ㄇㄛˊ　ㄏㄨㄢˋ　ㄒㄧㄢˋ　ㄕˊ　ㄓㄨˇ　ㄧˋ,mó huàn xiàn shí zhǔ yì,魔幻現實主義,,,魔幻寫實主義,,,,,,,,,
育,電腦硬體與周邊,ㄅㄨˊ　ㄉㄨㄢˋ　ㄉㄧㄢˋ　ㄒㄧˋ　ㄊㄨㄥˇ,bú duàn diàn xì tǒng,不斷電系統,,,不間斷電源系統,,,,,,,,,臺灣稱「不斷電系統」和大陸稱「不間斷電源」均自英文Uninterruptible Power Supply翻譯過來，縮稱為UPS。
育,電腦硬體與周邊,ㄓㄨˇ　ㄐㄧ　ㄅㄢˇ,zhǔ jī bǎn,主機板,,,主板,底板,,底板,,,底板,,,
育,電腦硬體與周邊,ㄨㄞˋ　ㄐㄧㄝ　ㄕˋ　ㄧㄥˋ　ㄉㄧㄝˊ,wài jiē shì yìng dié,外接式硬碟,可攜式硬碟,,移動硬盤,,,外接式硬碟,可攜式硬碟,,,,,
育,電腦硬體與周邊,,,平價小筆電,小筆電,,上網本,,,,,,,,,
育,電腦硬體與周邊,ㄍㄨㄤ　ㄉㄧㄝˊ,guāng dié,光碟,,,光盤,,,光碟,光盤,,光碟,光盤,,
育,電腦硬體與周邊,ㄍㄨㄤ　ㄉㄧㄝˊ　ㄐㄧ,guāng dié jī,光碟機,光碟驅動器,,光盤機,光盤驅動器,光驅,光碟機,光碟驅動器,光盤機,,,,
育,電腦硬體與周邊,ㄍㄨㄤ　ㄉㄧㄝˊ　ㄕㄠ　ㄌㄨˋ　ㄐㄧ,guāng dié shāo lù jī,光碟燒錄機,燒錄機,,光盤刻錄機,刻錄機,,光碟燒錄機,燒錄機,,,,,
育,電腦硬體與周邊,ㄧㄣˋ　ㄅㄧㄠˇ　ㄐㄧ,yìn biǎo jī,印表機,列印機,列表機,打印機,,,印表機,列印機,打印機,,,,
育,電腦硬體與周邊,,,行動硬碟,,,移動硬盤,,,,,,,,,
育,電腦硬體與周邊,,,伺服器,,,服務器,,,,,,,,,
育,電腦硬體與周邊,ㄎㄨㄞˋ　ㄕㄢˇ　ㄐㄧˋ　ㄧˋ　ㄊㄧˇ,kuài shǎn jì yì tǐ,快閃記憶體,,,閃存,,,快閃記憶體,閃存,,,,,
育,電腦硬體與周邊,,,音效卡,,,聲卡,,,,,,,,,
育,電腦硬體與周邊,,,桌上型電腦,桌機,,臺式電腦,臺式機,,,,,,,,
育,電腦硬體與周邊,ㄐㄧˋ　ㄧˋ　ㄊㄧˇ,jì yì tǐ,記憶體,,,存儲器,,,記憶體,存儲器,,,,,
育,電腦硬體與周邊,,,高階小筆電,,,超級本,,,,,,,,,
育,電腦硬體與周邊,,,掃描器,,,掃描儀,,,,,,,,,
育,電腦硬體與周邊,ㄖㄨㄢˇ　ㄉㄧㄝˊ,ruǎn dié,軟碟,,,軟盤,軟磁盤,,,,,,,,軟碟是英文Floppy Disk一詞的義譯。
育,電腦硬體與周邊,ㄖㄨㄢˇ　ㄉㄧㄝˊ　ㄐㄧ,ruǎn dié jī,軟碟機,軟式磁碟機,,軟盤機,軟盤驅動器,軟驅,,,,,,,軟式磁碟機是英文Floppy Drive一詞的義譯。
育,電腦硬體與周邊,ㄧㄥˋ　ㄉㄧㄝˊ,yìng dié,硬碟,硬式磁碟機,,硬盤,,,,,,,,,「硬碟」和「硬盤」均源於英文Hard Disc一詞的義譯。
育,電腦硬體與周邊,,,硬體,,,硬件,,,,,,,,,
育,電腦硬體與周邊,,,筆記型電腦,筆電,手提電腦,筆記本電腦,筆記本,手提電腦,筆記本電腦,手提電腦,NB,筆記本電腦,手提電腦,,
育,電腦硬體與周邊,ㄧㄠˊ　ㄍㄢˇ,yáo gǎn,搖桿,控制桿,,搖桿,手柄,,搖桿,手柄,,,,,
育,電腦硬體與周邊,ㄏㄨㄚˊ　ㄕㄨˇ,huá shǔ,滑鼠,電腦鼠,,鼠標,鼠標器,,,,,,,,臺灣稱「滑鼠」，大陸稱「鼠標器」、「鼠標」皆直接翻譯自英文對滑鼠的稱呼Mouse，由於其外形與老鼠相似故得其名。
育,電腦硬體與周邊,ㄉㄧㄢˋ　ㄙㄨㄢˋ　ㄐㄧ,diàn suàn jī,電算機,電腦,電子計算機,計算機,電腦,,,,,,,,電腦的英文Computer的原意是計算機，所以大陸翻譯為「計算機」。
育,電腦硬體與周邊,ㄊㄢˋ　ㄈㄣˇ　ㄒㄧㄚˊ,tàn fěn xiá,碳粉匣,碳粉盒,,碳粉匣,碳粉盒,粉盒,,,,,,,
育,電腦硬體與周邊,ㄨㄤˇ　ㄌㄨˋ　ㄕㄜˋ　ㄧㄥˇ　ㄐㄧ,wǎng lù shè yǐng jī,網路攝影機,,,網絡攝像頭,攝像頭,,,,,,,,
育,電腦硬體與周邊,ㄇㄛˋ　ㄕㄨㄟˇ　ㄒㄧㄚˊ,mò shuǐ xiá,墨水匣,,,墨水盒,墨盒,,,,,,,,「墨水匣」或「墨水盒」都來源於英文Ink Cartridge一詞的義譯。
育,電腦硬體與周邊,ㄕㄨˋ　ㄨㄟˋ　ㄌㄨˋ　ㄧㄣ　ㄅㄧˇ,shù wèi lù yīn bǐ,數位錄音筆,,,數字錄音筆,數碼錄音筆,數碼錄音棒,,,,,,,
育,電腦硬體與周邊,,,數據機,,,調制解調器,,,,,,,,,
育,電腦硬體與周邊,,,螢幕,,,屏幕,熒光屏,熒屏,,,,,,,
育,電腦硬體與周邊,ㄙㄨㄟˊ　ㄕㄣ　ㄉㄧㄝˊ,suí shēn dié,隨身碟,拇指碟,快閃碟,隨身碟,快閃碟,優盤,USB記憶體,USB手指,,USB記憶體,USB手指,,因快閃記憶體在大陸被稱為閃存，所以隨身碟在大陸又被稱為「閃存盤」或「閃盤」。而大陸最早推出隨身碟的公司，將隨身碟命名為「優盤」，所以「優盤」和同音的「U盤」都成為隨身碟的俗稱。
育,電腦硬體與周邊,ㄔㄨˋ　ㄎㄨㄥˋ　ㄧㄥˊ　ㄇㄨˋ,chù kòng yíng mù,觸控螢幕,觸控式螢幕,,觸屏,觸控式屏幕,觸摸屏,,,,,,,
育,電腦硬體與周邊,ㄒㄧㄢˇ　ㄕˋ　ㄎㄚˇ,xiǎn shì kǎ,顯示卡,顯卡,顯示器配接卡,顯示卡,顯卡,,,,,,,,
育,軟體網路,ㄖㄨˋ　ㄎㄡˇ　ㄨㄤˇ　ㄓㄢˋ,rù kǒu wǎng zhàn,入口網站,,,門戶網站,,,,,,,,,
育,軟體網路,,,工作列,,,任務欄,,,,,,,,,
育,軟體網路,ㄋㄟˋ　ㄅㄨˋ　ㄨㄤˇ　ㄌㄨˋ,nèi bù wǎng lù,內部網路,,,內聯網,,,,,,,,,
育,軟體網路,,,全形,,,全角,,,,,,,,,
育,軟體網路,ㄨㄟˋ　ㄩㄢˊ,wèi yuán,位元,二進制位元,,比特,,,數位,,,數位,,,大陸所說的「比特」是來源於英文Bit一詞音譯，而Bit是Binary Digit，即二進位數字的縮寫。
育,軟體網路,,,社群媒體,,,社會媒體,,,,,,,,,
育,軟體網路,,,附屬應用程式,,,附件,,,,,,,,,
育,軟體網路,,,重新整理,,,刷新,,,,,,,,,
育,軟體網路,,,音訊,,,音頻,,,,,,,,,
育,軟體網路,ㄩㄢˊ　ㄕˇ　ㄇㄚˇ,yuán shǐ mǎ,原始碼,,,源代碼,源程序,源碼,原始碼,,,原始碼,,,「原始碼」、「源代碼」、「源碼」都來源於英文Source Code一詞的義譯。
育,軟體網路,,,套裝軟體,,,系統軟件,,,,,,,,,
育,軟體網路,ㄑㄩ　ㄩˋ　ㄨㄤˇ　ㄌㄨˋ,qū yù wǎng lù,區域網路,,,局域網絡,局域網,,,,,,,,
育,軟體網路,,,唯讀,,,只讀,,,只讀,,,只讀,,,
育,軟體網路,,,啟用,啟動,,激活,,,,,,,,,
育,軟體網路,,,捷徑,,,快捷方式,,,,,,,,,
育,軟體網路,,,軟體,,,軟件,,,,,,,,,
育,軟體網路,,,軟體包,程式包,,軟件包,程序包,,,,,,,,
育,軟體網路,,,連結,,,鏈結,,,,,,,,,
育,軟體網路,ㄅㄨˋ　ㄌㄨㄛˋ　ㄎㄜˋ,bù luò kè,部落客,,,博主,,,,,,,,,"大陸將部落格稱為「博客」，因此建立博客並更新、管理內容的人，稱之為「博主」。
近年來大陸流行每篇字數限制於140字的微網誌，稱為「微博」，而微博的使用者也稱為博主。但微博的「博主」，不等同於「部落客」。"
育,軟體網路,ㄅㄨˋ　ㄌㄨㄛˋ　ㄍㄜˊ,bù luò gé,部落格,網誌,,博客,網絡日誌,,博客,網誌,,博客,網誌,,部落格的英文全稱是Web log或Blog。臺灣音譯為「部落格」，中國大陸音譯為「博客」。Web log的意思是網路記錄，臺灣義譯為「網誌」，中國大陸義譯為「網絡日誌」。
育,軟體網路,,,游標,,,光標,,,,,,,,,
育,軟體網路,,,登錄檔,,,註冊表,,,,,,,,,
育,軟體網路,,,程式,,,程序,,,,,,,,,
育,軟體網路,,,程式設計,,,編程,,,,,,,,,
育,軟體網路,,,視訊,,,視頻,,,視像,,,視像,,,
育,軟體網路,,,視窗,,,窗口,,,,,,,,,
育,軟體網路,,,開機片,,,系統盤,,,,,,,,,
育,軟體網路,ㄨㄟˊ　ㄨㄤˇ　ㄓˋ,wéi wǎng zhì,微網誌,微型網誌,微博,微博,微型博客,微博客,微博,,,微博,,,常見的微網誌代表是美國的Twitter、Facebook或Plurk。大陸的新浪微博和騰訊微博，是經營得極其成功的微網誌，因此「微博」逐漸成為微網誌的代稱。
育,軟體網路,,,當機,,,死機,,,,,,,,,
育,軟體網路,ㄐㄧㄝˇ　ㄒㄧ　ㄉㄨˋ,jiě xī dù,解析度,,,分辨率,,,,,,,,,
育,軟體網路,,,解除安裝,,,卸載,,,,,,,,,
育,軟體網路,ㄐㄧㄝˇ　ㄇㄚˇ　ㄑㄧˋ,jiě mǎ qì,解碼器,,,譯碼器,,,,,,,,,
育,軟體網路,ㄗ　ㄌㄧㄠˋ　ㄎㄨˋ,zī liào kù,資料庫,,,數據庫,,,,,,,,,「資料庫」或「數據庫」都來源自英文Database一詞。
育,軟體網路,,,資源回收桶,,,回收站,,,,,,,,,
育,軟體網路,ㄉㄧㄢˋ　ㄋㄠˇ　ㄅㄧㄥˋ　ㄉㄨˊ,diàn nǎo bìng dú,電腦病毒,,,電腦病毒,計算機病毒,,,,,,,,
育,軟體網路,ㄉㄧㄢˋ　ㄋㄠˇ　ㄆㄞˊ　ㄅㄢˇ,diàn nǎo pái bǎn,電腦排版,,,激光照排,,,,,,,,,
育,軟體網路,,,預設,,,默認,,,,,,,,,
育,軟體網路,,,網路,,,網絡,,,,,,,,,
育,軟體網路,,,網路芳鄰,,,網上鄰居,,,,,,,,,
育,軟體網路,ㄨㄤˇ　ㄌㄨˋ　ㄧㄡˊ　ㄒㄧˋ,wǎng lù yóu xì,網路遊戲,線上遊戲,,網絡遊戲,在線遊戲,,,,,,,,因網路遊戲必須倚賴網路進行，遊戲時必須保持在線狀態，因此臺灣又稱為「線上遊戲」，而大陸則稱為「在線遊戲」。
育,軟體網路,,,網際網路,,,互聯網,因特網,,,,,,,,
育,軟體網路,ㄎㄨㄢ　ㄆㄧㄣˊ　ㄨㄤˇ　ㄌㄨˋ,kuān pín wǎng lù,寬頻網路,寬頻,,寬帶網路,寬帶,,,,,,,,
育,軟體網路,,,輸入鍵,Enter鍵,,回車鍵,,,,,,,,,
育,軟體網路,,,選單,目錄,,菜單,,,,,,,,,
育,軟體網路,ㄆㄧㄣˊ　ㄎㄨㄢ,pín kuān,頻寬,,,帶寬,,,,,,,,,
育,電信通訊,,,公用電話,,,公用電話,公話,,,,,,,,
育,電信通訊,,,多媒體簡訊,,,彩信,,,,,,,,,
育,電信通訊,,,忙線訊號,,,忙音信號,忙音,,,,,,,,
育,電信通訊,ㄒㄧㄥˊ　ㄉㄨㄥˋ　ㄉㄧㄢˋ　ㄩㄢˊ,xíng dòng diàn yuán,行動電源,,,移動電源,充電寶,外掛電池,行動電源,外置電池,,,,,
育,電信通訊,,,來電答鈴,,,彩鈴,回鈴音,,,,,,,,
育,電信通訊,,,受話方,,,被叫,,,,,,,,,
育,電信通訊,,,長途電話,,,長途電話,長話,長途,,,,,,,
育,電信通訊,ㄐㄧ　ㄉㄧˋ　ㄊㄞˊ,jī dì tái,基地臺,,,基站,,,,,,,,,
育,電信通訊,,,通訊,,,通信,,,,,,,,,
育,電信通訊,ㄓˋ　ㄏㄨㄟˋ　ㄒㄧㄥˊ　ㄕㄡˇ　ㄐㄧ,zhì huì xíng shǒu jī,智慧型手機,,,智能手機,,,,,,,,,
育,電信通訊,,,畫素,,,像素,,,像數,,,像數,,,
育,電信通訊,,,發話方,,,主叫,,,,,,,,,
育,電信通訊,,,電信警察,,,網絡警察,網警,,,,,,,,
育,電信通訊,ㄇㄛˊ　ㄦˇ　ㄙ　ㄉㄧㄢˋ　ㄇㄚˇ,mó ěr sī diàn mǎ,摩爾斯電碼,摩斯密碼,,摩爾斯電碼,莫爾斯電碼,,,,,,,,摩斯密碼英文全稱為Morse Code，因音譯差異，臺灣和大陸稱呼略有不同，大陸音譯為「莫爾斯電碼」或「摩爾斯電碼」。
育,電信通訊,,,數位,,,數碼,,,,,,,,,
育,電信通訊,,,數位相機,,,數字相機,數碼相機,,,,,,,,
育,電信通訊,,,數位娛樂,,,數字娛樂,,,,,,,,,
育,電信通訊,,,數位電視,,,數字電視,數碼電視,,數碼電視,,,數碼電視,,,
育,電信通訊,,,數位電話,,,數字電話,,,數碼電話,,,數碼電話,,,
育,電信通訊,,,斷線,,,掉線,,,,,,,,,
育,電信通訊,ㄐㄧㄢˇ　ㄒㄩㄣˋ,jiǎn xùn,簡訊,,,短消息,短信,短訊息,,,,,,,
育,科技,ㄙㄢ　ㄉㄨˋ　ㄎㄨㄥ　ㄐㄧㄢ,sān dù kōng jiān,三度空間,3D,三次元,三維空間,,,,,,,,,臺灣稱「三度空間」，或大陸稱「三維空間」都是英文Three-dimensional Space的義譯。「3D」則是其簡稱。「三次元」則臺灣直接擷取日文翻譯而來。
育,科技,,,太空人,,,宇航員,航天員,,,,,,,,
育,科技,,,太空中心,,,航天中心,,,,,,,,,
育,科技,,,太空衣,,,太空服,航天服,宇航服,,,,,,,
育,科技,ㄊㄞˋ　ㄎㄨㄥ　ㄓㄢˋ,tài kōng zhàn,太空站,航太站,,太空站,空間站,航天站,,,,,,,臺灣稱「太空站」，大陸稱「空間站」、「太空站」，都是從英文Space Station翻譯而來。
育,科技,,,太空梭,,,航天飛機,,,,,,,,,
育,科技,,,太空船,,,太空船,太空機,宇宙飛船,,,,,,,
育,科技,,,太空漫步,,,太空行走,,,,,,,,,
育,科技,ㄨㄞˋ　ㄊㄞˋ　ㄎㄨㄥ,wài tài kōng,外太空,宇宙空間,,外層空間,宇宙空間,,,,,,,,臺灣稱「外太空」，大陸稱「外層空間」，都是從英文Outer Space翻譯而來。
育,科技,,,奈米,,,納米,,,,,,,,,
育,科技,ㄖㄨㄟˋ　ㄕˋ,ruì shì,芮氏,芮氏規模,,里氏,黎克特級數,里克特級數,里氏,黎克特級數,,里氏,黎克特級數,,中國大陸因為Richter音譯為里克特或黎克特，因此將這套震級規模定名為「里氏」或「里克特」、「黎克特」震級。
育,科技,ㄏㄜˊ　ㄗˇ　ㄈㄢˇ　ㄧㄥˋ　ㄌㄨˊ,hé zǐ fǎn yìng lú,核子反應器,原子爐,核子反應爐,反應堆,核反應堆,原子反應堆,,,,,,,臺灣稱「核子反應器」、「核子反應爐」、「反應爐」，大陸稱「反應堆」、「核反應堆」、「原子反應堆」，都是從英文Nuclear Reactor翻譯而來。
育,科技,,,核子試爆,,,核試驗,,,,,,,,,
育,科技,,,核能電廠,,,核電站,,,,,,,,,
育,科技,,,晶片,,,芯片,,,,,,,,,
育,科技,ㄉㄥ　ㄩㄝˋ　ㄒㄧㄠˇ　ㄊㄧㄥˇ,dēng yuè xiǎo tǐng,登月小艇,,,登月艙,,,,,,,,,「登月小艇」和「登月艙」都是從英文Lunar Modul一詞義譯而來。
育,科技,ㄒㄩ　ㄋㄧˇ　ㄕˊ　ㄐㄧㄥˋ,xū nǐ shí jìng,虛擬實境,,,虛擬現實,,,虛擬實景,,,虛擬實景,,,
育,科技,ㄔㄠ　ㄧㄣ　ㄙㄨˋ,chāo yīn sù,超音速,,,超音速,超聲速,,,,,,,,臺灣稱「超音速」，大陸稱「超聲速」均源於英文Supersonic一詞的義譯。
育,科技,ㄌㄟˊ　ㄕㄜˋ,léi shè,雷射,鐳射,,雷射,鐳射,激光,激光,,,激光,,,「雷射」是英文Laser的音譯。大陸稱「激光」是以此表現出雷射光受激發射的原理。
育,科技,,ㄉㄧㄢˋ　ㄐㄧㄥ　ㄊㄧˇ,電晶體,,,晶體管,,,,,,,,,
育,科技,ㄈㄨˋ　ㄓˋ,fù zhì,複製,無性繁殖,選殖,克隆,無性繁殖,,,,,,,,大陸稱「克隆」是來源於英文Clone一詞的音譯。
育,科技,ㄐㄧ　ㄊㄧˇ　ㄉㄧㄢˋ　ㄌㄨˋ,jī tǐ diàn lù,積體電路,,,集成電路,,,,,,,,,積體電路和集成電路均是自英文Integrated Circuit翻譯過來，簡稱為IC。
育,法律與犯罪,ㄕㄠˋ　ㄋㄧㄢˊ　ㄍㄢˇ　ㄏㄨㄚˋ　ㄩㄢˋ,shào nián gǎn huà yuàn,少年感化院,少年觀護所,,少年犯管教所,少年犯管理所,少管所,少年感化院,,,少年感化院,,,
育,法律與犯罪,,,犯罪率,,,發案率,,,,,,,,,
育,法律與犯罪,,,犯罪集團,,,犯罪團伙,,,,,,,,,
育,法律與犯罪,ㄐㄧㄠ　ㄅㄠˇ　ㄏㄡˋ　ㄔㄨㄢˊ,jiāo bǎo hòu chuan,交保候傳,,,取保候審,,,交保候審,擔保外出,,交保候審,擔保外出,,
育,法律與犯罪,,,共犯,,,同案犯,,,,,,,,,
育,法律與犯罪,,,取締仿冒,,,打假,,,,,,,,,
育,法律與犯罪,,,青少年犯罪,,,未成年人犯罪,,,,,,,,,
育,法律與犯罪,,,匿報,,,瞞報,,,,,,,,,
育,法律與犯罪,,,掃黑,,,打黑,,,,,,,,,
育,法律與犯罪,ㄐㄧㄝˊ　ㄏㄨㄣ　ㄓㄥˋ　ㄕㄨ,jié hūn zhèng shū,結婚證書,,,紅證,結婚證,,,,,,,,由於大陸的結婚證書為棗紅色，故又俗稱「紅證」。另外，大陸土地使用證也是紅色的，是以也俗稱「紅證」。
育,法律與犯罪,,,黃牛,,,黃牛,票販子,,,,,,,,
育,法律與犯罪,ㄨㄟˊ　ㄍㄨㄟ　ㄐㄧˋ　ㄉㄧㄢˇ,wéi guī jì diǎn,違規記點,記點,,違規記分,扣分,,違例記分,,,違例記分,,,"中國大陸採用計分制度，扣分上限為12分。扣滿12分，駕駛人必須參加道路安全知識的課程，加以考核。考核通過者重新計分。
香港的「違例計分」從1984年實施。累積計分10分，駕駛者必須自費參加駕駛改進課程。累計達15分，將吊扣駕駛執照三個月。違犯扣分10分的項目，法院可做出停牌三個月到十年不等的各種嚴格處分。"
育,法律與犯罪,ㄐㄧㄢ　ㄇㄛˋ　ㄑㄩㄢˊ,jiān mò quán,緘默權,,,沉默權,,,,,,,,,
育,法律與犯罪,ㄌㄧˊ　ㄏㄨㄣ　ㄓㄥˋ　ㄕㄨ,lí hūn zhèng shū,離婚證書,,,離婚證,藍證,,,,,,,,大陸的離婚證書因外皮為藍色，故俗稱「藍證」。
育,法律與犯罪,ㄅㄧㄠ　ㄔㄜ　ㄗㄨˊ,biāo chē zú,飆車族,暴走族,,飆車族,,,,,,,,,"大陸的飆車族通常多是三十歲以下年輕人，家境中上，有些人從事汽車改裝等工作，主要以轎車為工具。
此外，「暴走族」在大陸的意思是指沿著固定路線，快步行走鍛鍊身體的人。與臺灣所說的暴走族意思完全不同。"
育,法律與犯罪,,,竊盜案,,,盜竊案,,,,,,,,,
育,證件制度,ㄏㄨˋ　ㄎㄡˇ　ㄇㄧㄥˊ　ㄅㄨˋ,hù kǒu míng bù,戶口名簿,,,戶口簿,戶口本,,,,,,,,香港和澳門因曾受英國和葡萄牙的統治，故無此類戶籍制度。
育,證件制度,,,戶長,,,戶主,,,,,,,,,
育,證件制度,ㄔㄨ　ㄕㄥ　ㄓㄥˋ　ㄇㄧㄥˊ,chū shēng zhèng míng,出生證明,,,出生證明,,,出生證明,出生紙,出世紙,出生紙,出世紙,,
育,證件制度,,,地方政策,,,土政策,土規定,,,,,,,,
育,證件制度,ㄕㄣ　ㄒㄧㄣ　ㄓㄤˋ　ㄞˋ　ㄕㄡˇ　ㄘㄜˋ,shēn xīn zhàng ài shǒu cè,身心障礙手冊,,,殘疾人證,,,殘疾人士登記證,殘疾證,,,,,
育,證件制度,ㄓㄥˋ　ㄓˋ　ㄅㄧˋ　ㄏㄨˋ,zhèng zhì bì hù,政治庇護,,,政治庇護,政治避難,,,,,,,,
育,證件制度,ㄍㄨㄛˊ　ㄇㄧㄣˊ　ㄕㄣ　ㄈㄣˋ　ㄓㄥˋ,guó mín shēn fēn zhèng,國民身分證,,,居民身分證,,,居民身分證,永久性居民身分證,,永久性居民身份證,非永久性居民身份證,,香港與澳門因為曾受英國、葡萄牙兩國管轄，因此在戶籍與身分證件的制度上大陸有所不同。香港的身分證有兩種，一種為「永久居民身分證」，是發給香港永久居民，而「居民身分證」則是發給沒有香港居留權者的身分證。
育,證件制度,,,設籍,,,落戶,,,,,,,,,
育,證件制度,,,證件照,大頭照,,標準照,標準像,,,,,,,,
育,社會生活現象,ㄦˋ　ㄕㄡˇ　ㄧㄢ,èr shǒu yān,二手菸,,,被動吸菸,,,,,,,,,
育,社會生活現象,ㄖㄨˋ　ㄓㄨㄟˋ,rù zhuì,入贅,招贅,小娶,入贅,上門女婿,招贅女婿,入贅,,,入贅,,,
育,社會生活現象,,,小廣告,,,野廣告,,,,,,,,,
育,社會生活現象,,,代理孕母,代母,,代孕母親,,,,,,,,,
育,社會生活現象,,,志工,義工,,志工,義工,志願者,義工,,,義工,,,
育,社會生活現象,,,姊妹市,姊妹城,,姊妹市,兄弟城,友好城市,,,,,,,
育,社會生活現象,,,軍眷,,,軍屬,,,,,,,,,
育,社會生活現象,ㄐㄧㄚ　ㄊㄧㄥˊ　ㄓㄨˇ　ㄈㄨ,jiā tíng zhǔ fū,家庭主夫,家庭煮夫,,家庭主夫,家庭婦男,,,,,,,,
育,社會生活現象,ㄐㄧˋ　ㄓㄜˇ　ㄏㄨㄟˋ,jì zhě huì,記者會,,,記者會,吹風會,,記者會,吹風會,,記者會,吹風會,,「吹風會」是英文Briefing meeting的義譯，具有與「記者會」相同的發布新聞性質，但氣氛較鬆弛，具有非正式的意味。通常政府在重大政策推出之前，召開「吹風會」，由負責該政策的官員或是統理事務的首長向傳媒溝通，內容包括宣布公告事項、解釋和問答。
育,社會生活現象,,,救難隊,,,搶險隊,,,,,,,,,
育,社會生活現象,ㄔㄣˊ　ㄑㄧㄥˊ,chén qíng,陳情,訴願,請願,上訪,信訪,,,,,,,,大陸的「上訪」和「信訪」差異性在於，前者是當事者親自前往政府部門提出申訴、控告或檢舉，而後者是當事者以書信、電子郵件、傳真或電話等形式，向政府機關反映情況，要求解決問題。
育,社會生活現象,ㄉㄧㄥˇ　ㄎㄜˋ　ㄗㄨˊ,dǐng kè zú,頂客族,,,丁克族,丁克家庭,,,,,,,,
育,社會生活現象,ㄉㄢ　ㄑㄧㄣ　ㄇㄚ　ㄇㄚ,dān qīn mā ma,單親媽媽,,,單身媽媽,獨身媽媽,,,,,,,,
育,社會生活現象,ㄧㄚˇ　ㄆㄧˇ,yǎ pǐ,雅痞,,,雅皮士,,,雅皮,雅皮士,優皮,雅皮,雅皮士,優皮士,「雅痞」是英文Yuppie的音譯，有多種譯法，如「雅皮」、「雅皮士」、「優皮士」等等。Yuppie是Young urban professional的縮寫，指都會城市裡的年輕專業人士。
育,社會生活現象,ㄧㄝˋ　ㄆㄟˋ　ㄒㄧㄣ　ㄨㄣˊ,yè pèi xīn wén,業配新聞,,,有償新聞,,,,,,,,,
育,社會生活現象,,,義勇警察,義警,,協警,協警員,,,,,,,,
育,社會生活現象,,,管區員警,轄區員警,,管片民警,,,,,,,,,
育,社會生活現象,,,網路成癮,,,網癮,,,,,,,,,
育,社會生活現象,ㄒㄧ　ㄆㄧˊ,xī pí,嬉皮,,,嬉皮士,,,,,,,,,「嬉皮」與「嬉皮士」，都是英文Hippie的音譯。
樂,體育規則和競賽,,,12碼球,,,點球,,,,,,,,,
樂,體育規則和競賽,,,12碼罰球,,,罰點球,,,,,,,,,
樂,體育規則和競賽,,,二軍,,,替補隊員,板凳隊員,,,,,,,,
樂,體育規則和競賽,,,內野,,,內場,,,,,,,,,
樂,體育規則和競賽,,,內野高飛球,,,內場騰空球,,,,,,,,,
樂,體育規則和競賽,,,比腕力,,,掰腕子,,,,,,,,,
樂,體育規則和競賽,ㄕㄨㄟˇ　ㄕㄤˋ　ㄅㄚ　ㄌㄟˇ,shuǐ shàng bā lěi,水上芭蕾,,,花樣游泳,,,韻律泳,,,,,,
樂,體育規則和競賽,,,世界大學生運動會,世大會,世大運,世界大學生運動會,大運會,,,,,,,,
樂,體育規則和競賽,,,主審,主審裁判,,主判,主裁判,主裁判員,,,,,,,
樂,體育規則和競賽,,,外野,,,外場,,,,,,,,,
樂,體育規則和競賽,ㄈㄨˊ　ㄉㄧˋ　ㄊㄧㄥˇ　ㄕㄣ,fú dì tǐng shēn,伏地挺身,俯臥撐,,俯臥撐,,,掌上壓,,,掌上壓,,,
樂,體育規則和競賽,,,先發投手,,,開局投手,,,,,,,,,
樂,體育規則和競賽,ㄑㄩㄢˊ　ㄌㄟˇ　ㄉㄚˇ,Quán lěi dǎ,全壘打,紅不讓,,本壘打,本壘跑,,,,,,,,
樂,體育規則和競賽,,,地主隊,,,主隊,,,,,,,,,
樂,體育規則和競賽,,,安全上壘,,,安全進壘,,,,,,,,,
樂,體育規則和競賽,ㄗˋ　ㄧㄡˊ　ㄕˋ,zì yóu shì,自由式,捷泳,,捷泳,爬泳,,捷泳,爬泳,,捷泳,爬泳,,「捷泳」是英文Crawl Stroke的義譯。
樂,體育規則和競賽,ㄗˋ　ㄧㄡˊ　ㄑㄧㄡˊ,zì yóu qiú,自由球,,,任意球,,,,,,,,,臺灣稱「自由球」或大陸稱「任意球」皆自英文Free kick翻譯而來。
樂,體育規則和競賽,ㄕㄣ　ㄓㄢˇ　ㄩㄣˋ　ㄉㄨㄥˋ,shēn zhǎn yùn dòng,伸展運動,,,拉伸運動,,,,,,,,,
樂,體育規則和競賽,ㄔㄜˇ　ㄌㄧㄥˊ,chě ling,扯鈴,,,空竹,響簧,風葫蘆,,,,,,,扯鈴在不同地方有不同稱呼，如北方將扯鈴俗稱為「空竹」，四川地區則叫「響簧」，天津一帶則稱為「風葫蘆」或「響葫蘆」。
樂,體育規則和競賽,,,延長賽,,,加時賽,,,加時賽,,,加時賽,,,
樂,體育規則和競賽,ㄓˊ　ㄆㄞˊ　ㄌㄨㄣˊ,zhí pái lún,直排輪,,,輪滑,單排輪滑,直排輪滑,,,,,,,
樂,體育規則和競賽,,,花式滑冰,花滑,,花樣滑冰,花樣溜冰,,,,,,,,
樂,體育規則和競賽,ㄅㄠˇ　ㄌㄧㄥˊ　ㄑㄧㄡˊ,bǎo líng qiú,保齡球,,,保齡球,地滾球,,保齡球,,,,,,「保齡球」是英文Bowling的音譯。因為保齡球是滾地球運動，因此大陸又稱為「地滾球」。
樂,體育規則和競賽,ㄅㄨˇ　ㄕㄡˇ,bǔ shǒu,捕手,,,接手,,,,,,,,,「捕手」一詞來自於日文漢字，而大陸所說的「接手」，則是來自於英文Catcher的義譯。
樂,體育規則和競賽,ㄍㄠ　ㄎㄨㄥ　ㄊㄢˊ　ㄊㄧㄠˋ,gāo kōng tán tiào,高空彈跳,,,蹦極,蹦極跳,,蹦極,蹦極跳,笨豬跳,笨豬跳,,,高空彈跳的英文是Bungee Jumping或Bungy Jumping，無論「蹦極」、「蹦極跳」或「笨豬跳」都從其原文音譯而來。
樂,體育規則和競賽,ㄨˇ　ㄕㄨˋ,wǔ shù,武術,國術,,武術,,,,,,,,,
樂,體育規則和競賽,ㄖㄨㄢˇ　ㄍㄨˇ　ㄍㄨㄥ,ruǎn gǔ gōng,軟骨功,,,柔身術,,,,,,,,,
樂,體育規則和競賽,ㄘㄢˊ　ㄓㄤˋ　ㄠˋ　ㄩㄣˋ　ㄏㄨㄟˋ,cán zhàng ào yùn huì,殘障奧運會,殘奧會,帕拉林匹克運動會,殘疾人奧林匹克運動會,殘疾人奧運會,殘奧會,,,,,,,
樂,體育規則和競賽,ㄉㄠˋ　ㄌㄟˇ,dào lěi,盜壘,,,偷壘,,,,,,,,,臺灣稱「盜壘」或大陸稱「偷壘」，皆自英文Stolen Base翻譯而來，縮稱SB。
樂,體育規則和競賽,,,會內賽,,,正賽,正式比賽,,,,,,,,
樂,體育規則和競賽,,,會外賽,,,預選賽,,,預選賽,,,預選賽,,,
樂,體育規則和競賽,,,準決賽,,,半決賽,二分之一決賽,,,,,,,,
樂,體育規則和競賽,ㄔㄨㄟˊ　ㄑㄧㄡˊ,chuí qiú,槌球,,,門球,,,門球,,,,,,槌球的英文原名為Gateball，大陸直譯為「門球」。
樂,體育規則和競賽,,,滾地球,,,地滾球,,,,,,,,,
樂,體育規則和競賽,,,蓋火鍋,,,蓋火鍋,蓋帽,,,,,,,,
樂,體育規則和競賽,,,彈翻床,,,蹦床,,,,,,,,,
樂,體育規則和競賽,ㄓㄨㄤˋ　ㄑㄧㄡˊ,zhuàng qiú,撞球,檯球,,檯球,桌球,,桌球,,,桌球,,,值得注意的是，港澳地區將「撞球」稱為「桌球」。但「桌球」這個詞在臺灣指的卻是乒乓球。兩地用詞完全不同。
樂,體育規則和競賽,ㄉㄧㄝˊ　ㄕˋ,dié shì,蝶式,蝶泳,,蝶泳,海豚泳,,,,,,,,為了使速度加快，蝶式衍生出變體，泳者利用腰部力量讓腿部做出類似海豚打水的動作。因模仿海豚，故稱為「海豚泳」。
樂,體育規則和競賽,,,輪式溜冰,滑輪溜冰,,滑旱冰,,,,,,,,,
樂,體育規則和競賽,ㄩㄣˋ　ㄌㄩˋ　ㄊㄧˇ　ㄘㄠ,yùn lǜ tǐ cāo,韻律體操,,,藝術體操,,,,,,,,,
樂,娛樂,ㄦˋ　ㄌㄨㄣˊ　ㄆㄧㄢˋ,èr lún piàn,二輪片,,,復映片,,,,,,,,,大陸所說的「復映片」除了指二輪片之外，還特指一些1970到1980年之間，改革開放之初，因各種原因被禁映禁播的國產電影重新公映，或指近年來因電影技術的發展，許多改為3D版後再次上映的老電影。這些電影未必只進二輪片戲院，有些也上院線。
樂,娛樂,ㄙㄢ　ㄨㄣ　ㄋㄨㄢˇ,sān wēn nuǎn,三溫暖,,,桑拿,桑拿浴,薩烏拉浴,芬蘭浴,桑拿浴,,桑拿,桑拿浴,芬蘭浴,「三溫暖」和「桑拿」、「桑拿浴」、「薩烏拉浴」都來自於芬蘭語Sauna的音譯。
樂,娛樂,ㄨˇ　ㄧㄝˋ　ㄔㄤˇ,wǔ yè chǎng,午夜場,,,夜場,通宵電影,零點場,午夜場,子夜場,,午夜場,,,
樂,娛樂,,,包廂,包間,,包廂,包間,包房,,,,,,,
樂,娛樂,,,卡拉O.K,,,卡拉O.K廳,,,,,,,,,
樂,娛樂,ㄨㄟˇ　ㄧㄚˊ,wěi yá,尾牙,尾迓,,年終聯歡,,,,,,,,,
樂,娛樂,ㄅㄢˋ　ㄐㄧㄚ　ㄐㄧㄚ　ㄐㄧㄡˇ,Bàn jiā jiā jiǔ,扮家家酒,,,過家家,,,扮煮飯仔,,,,,,
樂,娛樂,,,兒童活動中心,,,少年宮,,,,,,,,,
樂,娛樂,,,迪斯可舞廳,,,迪廳,,,,,,,,,
樂,娛樂,ㄩㄢˊ　ㄗˇ　ㄒㄧㄠˇ　ㄐㄧㄣ　ㄍㄤ,yuán zǐ xiǎo jīn gāng,原子小金剛,,,鐵臂阿童木,,,小飛俠阿童木,無敵小飛俠,小飛俠,,,,
樂,娛樂,,,酒吧,,,酒吧,酒吧間,,,,,,,,
樂,娛樂,,,剪刀石頭布,,,包袱剪子錘,,,,,,,,,
樂,娛樂,,,唱片行,,,音像店,,,,,,,,,
樂,娛樂,ㄩㄣˊ　ㄒㄧㄠ　ㄈㄟ　ㄔㄜ,yún xiāo fēi chē,雲霄飛車,,,過山車,,,,,,,,,
樂,娛樂,,,園遊會,,,遊園會,,,,,,,,,
樂,娛樂,,,滑水道,,,水滑梯,,,,,,,,,
樂,娛樂,,,腳底按摩店,,,洗腳房,,,,,,,,,
樂,娛樂,,,福利社,,,小賣部,,,,,,,,,
樂,娛樂,ㄨㄤˇ　ㄎㄚ,wǎng kā,網咖,,,網吧,,,,,,,,,大陸所說的「網吧」，意思與網咖相同。而「吧」這個字是英語中Bar的音譯，指酒吧一類的小飲食店，如冰吧、巧克力吧等等。
樂,娛樂,ㄇㄛˊ　ㄕㄨˋ　ㄈㄤ　ㄎㄨㄞˋ,mó shù fāng kuài,魔術方塊,,,魔方,魯比克方塊,,魔方,紐計骰,,魔方,紐計骰,,因音譯不同，大陸又將魔術方塊稱為「魯比克（Rubik）方塊」。
樂,綜藝影藝,,,女主角,,,女主角,女一號,,,,,,,,
樂,綜藝影藝,,,男主角,,,男主角,男一號,,,,,,,,
樂,綜藝影藝,,,票房紀錄,票房銷售率,,票房紀錄,上座率,,,,,,,,
樂,綜藝影藝,,,單元劇,,,單本劇,,,,,,,,,
樂,綜藝影藝,,,電視影集,,,電視系列片,系列電視劇,,,,,,,,
樂,綜藝影藝,ㄇㄛˊ　ㄊㄜˋ　ㄦ,mó tè ēr,模特兒,,,模特,,,,,,,,,「模特兒」、「模特」都是從英文Model音譯而來。
樂,餐飲,,,招牌菜,特色菜,,當家菜,特色菜,,,,,,,,
樂,餐飲,,,茶藝館,,,茶吧,,,,,,,,,
樂,餐飲,,,菜單,,,菜單,菜譜,,,,,,,,
樂,餐飲,,,燒烤店,串燒店,,串吧,,,,,,,,,
樂,觀光旅遊住宿,ㄉㄚˋ　ㄅㄣˋ　ㄓㄨㄥ,dà bèn zhōng,大笨鐘,,,大笨鐘,大本鐘,大鵬鐘,,,,,,,
樂,觀光旅遊住宿,,,大廳,門廳,,大廳,門廳,大堂,,,,,,,
樂,觀光旅遊住宿,,,中央標準時間,,,北京時間,,,,,,,,,
樂,觀光旅遊住宿,,,公費旅遊,,,公款旅遊,,,,,,,,,
樂,觀光旅遊住宿,,,水上公園,水上樂園,,水上公園,,,,,,,,,
樂,觀光旅遊住宿,,,民俗文化村,,,民俗風景區,民俗文化村,,,,,,,,
樂,觀光旅遊住宿,ㄒㄧㄡ　ㄒㄧㄢˊ　ㄋㄨㄥˊ　ㄔㄤˇ,xiū xián nóng chǎng,休閒農場,,,農家樂,,,,,,,,,"「農家樂」起源於1980年左右，指以農業和鄉村為消費特點的旅遊娛樂休閒場所。最早的農家樂多是農戶家庭為主要經營單位，提供農家菜的飲食或蔬果現場採收、垂釣遊憩等休閒服務。
近年來隨著經濟發展、民眾對於休閒的需求大增，農家樂服務項目逐漸涵蓋住宿和旅遊等方面，發展以生態或鄉村為主軸的旅遊活動，部分地區的農家樂甚至能提供達到星級飯店標準的住宿服務。"
樂,觀光旅遊住宿,,,休閒農場遊,,,農家樂遊,農家院民俗遊,,,,,,,,
樂,觀光旅遊住宿,,,地標性建築,,,地標性建築,標誌性建築,,,,,,,,
樂,觀光旅遊住宿,ㄗˋ　ㄧㄡˊ　ㄒㄧㄥˊ,zì yóu xíng,自由行,,,自由行,個人遊,,自由行,個人遊,,自由行,個人遊,,中國大陸允許大陸居民以個人身分申請到臺灣、香港、澳門三地自由旅行的計畫，也稱作「自由行」或「個人遊」。如「臺灣個人遊計畫」、「港澳個人遊」、「港澳自由行」等。
樂,觀光旅遊住宿,,,自助旅遊,自助行,自主旅遊,自助遊,,,,,,,,,
樂,觀光旅遊住宿,ㄅㄢˋ　ㄕㄡˇ　ㄌㄧˇ,bàn shǒu lǐ,伴手禮,伴手,,手信,,,手信,,,手信,,,「手信」原是粵語方言，因信手捎來，故得名。
樂,觀光旅遊住宿,ㄌㄞˊ　ㄏㄨㄟˊ　ㄐㄧ　ㄆㄧㄠˋ,lái huí jī piào,來回機票,往返機票,,往返機票,雙飛票,雙程票,,,,,,,「雙飛票」的含意等同於來回機票，但「雙程票」除指來回機票之外，也用於火車或巴士等相關的旅遊票券，雙程即是指去程與回程。
樂,觀光旅遊住宿,,,協力車,,,雙人自行車,,,,,,,,,
樂,觀光旅遊住宿,,,協力車,,,多人自行車,,,,,,,,,
樂,觀光旅遊住宿,,,附早餐,含早餐,,含早餐,,,,,,,,,
樂,觀光旅遊住宿,,,青年旅舍,青年旅館,,青年旅舍,,,,,,,,,
樂,觀光旅遊住宿,,,度假村,渡假村,,度假村,,,,,,,,,
樂,觀光旅遊住宿,,,洗手間,盥洗室,化妝室,洗手間,盥洗室,衛生間,,,,,,,
樂,觀光旅遊住宿,ㄅㄟ　ㄅㄠ　ㄎㄜˋ,bēi bāo kè,背包客,,,背包客,背囊客,驢友,,,,,,,中國大陸以「驢友」稱呼這些旅行者。「驢友」一詞出自於網路，原來是「旅遊」的諧音，再加上驢子的特性吃苦耐勞，能馱負重物，因此成為自助旅行者的代稱。
樂,觀光旅遊住宿,,,旅遊團,旅行團,觀光團,旅遊團,,,,,,,,,
樂,觀光旅遊住宿,,,旅遊,觀光,,旅遊,,,,,,,,,
樂,觀光旅遊住宿,,,旅遊巴士,觀光巴士,,旅遊車,,,,,,,,,
樂,觀光旅遊住宿,,,旅遊業,觀光業,無煙囪工業,旅遊業,,,,,,,,,
樂,觀光旅遊住宿,,,單人房,,,單間,單人間,,,,,,,,
樂,觀光旅遊住宿,,,郵輪,遊輪,,遊輪,郵船,,,,,,,,
樂,觀光旅遊住宿,,,黃金海岸,,,金沙灘,,,,,,,,,
樂,觀光旅遊住宿,,,搭便車,,,蹭車,,,,,,,,,
樂,觀光旅遊住宿,,,溪釣,,,野釣,,,,,,,,,
樂,觀光旅遊住宿,,,聖母峰,埃佛勒斯峰,,珠穆朗瑪峰,珠峰,,,,,,,,
樂,觀光旅遊住宿,,,解說員,,,解說員,講解員,,,,,,,,
樂,觀光旅遊住宿,,,遊客,觀光客,,遊客,,,,,,,,,
樂,觀光旅遊住宿,,,遊樂場,遊樂園,,遊樂園,,,,,,,,,
樂,觀光旅遊住宿,,,遊覽車,,,旅遊車,,,,,,,,,
樂,觀光旅遊住宿,,,磁卡,房卡,,卡式鑰匙,鑰匙卡,,,,,,,,
樂,觀光旅遊住宿,,,豪華客房,豪華房,,豪華客房,豪華間,,,,,,,,
樂,觀光旅遊住宿,,,櫃檯,服務櫃檯,,前臺,服務臺,,,,,,,,
樂,觀光旅遊住宿,,,櫃檯經理,,,大堂經理,,,,,,,,,
樂,觀光旅遊住宿,,,雙人房,雙人客房,兩人客房,雙人房,雙人間客房,標準間,,,,,,,
樂,觀光旅遊住宿,ㄆㄤˊ　ㄅㄧˋ　ㄉㄨˋ　ㄍㄨㄛˊ　ㄐㄧㄚ　ㄧˋ　ㄕㄨˋ　ㄨㄣˊ　ㄏㄨㄚˋ　ㄓㄨㄥ　ㄒㄧㄣ,páng bì dù guó jiā yì shù wén huà zhōng xīn,龐畢度國家藝術中心,龐畢度藝術中心,,蓬比度藝術中心,,,,,,,,,
樂,觀光旅遊住宿,ㄍㄨㄢ　ㄍㄨㄤ　ㄐㄩˊ,Guān guāng jú,觀光局,,,旅遊局,,,旅遊發展局,旅發局,,旅遊局,,,"大陸的旅遊局隸屬國務院，主要負責統籌協調旅遊業發展、制定國內旅遊、入境旅遊和出境旅遊的市場開發和實施，並針對旅遊資源進行普查規劃、開發和保護，促進國際交流與合作。
香港的旅遊發展局是由香港政府資助的機構。澳門旅遊局則隸屬於澳門社會文化司，負責協助制定及執行旅遊政策、推廣澳門旅遊活動。 "
樂,觀光旅遊住宿,,,觀光勝地,旅遊勝地,遊覽勝地,旅遊勝地,,,,,,,,,
樂,觀光旅遊住宿,,,旅遊資源,觀光遊憩性資源,,旅遊資源,,,,,,,,,
樂,觀光旅遊住宿,,,旅遊簽證,觀光簽證,旅行簽證,旅遊簽證,,,,,,,,,
樂,觀光旅遊住宿,,,纜車,,,纜車,懸空電車,,,,,,,,
生活詞彙,文具與辦公事務用品,,,投影機,,,投影儀,,,,,,,,,
生活詞彙,文具與辦公事務用品,,,削鉛筆機,,,轉筆刀,削筆刀,捲筆刀,,,,,,,
生活詞彙,文具與辦公事務用品,ㄒㄧㄡ　ㄓㄥˋ　ㄧˋ,xiū zhèng yì,修正液,立可白,,修正液,塗改液,改正液,白油,,,白油,,,因為修正液能夠迅速乾涸、變白將錯字蓋住等特色，所以臺灣俗稱為「立可白」。而香港、澳門地區則因它的外表顏色，稱之為「白油」。
生活詞彙,文具與辦公事務用品,ㄩㄢˊ　ㄗˇ　ㄅㄧˇ,yuán zǐ bǐ,原子筆,,,原子筆,圓珠筆,走珠筆,原子筆,,,原子筆,,,早期原子筆從美國輸入香港時，並沒有專門名稱。因為當時流行「原子」，例如原子能源、原子彈等等，「原子」一詞帶有科技、先進和勝利的意涵，所以命名為「原子筆」。
生活詞彙,文具與辦公事務用品,,,桌曆,,,臺曆,,,,,,,,,
生活詞彙,文具與辦公事務用品,,,紙黏土,,,橡皮泥,,,,,,,,,
生活詞彙,文具與辦公事務用品,ㄏㄨㄟˊ　ㄨㄣˊ　ㄓㄣ,Huí wén zhēn,迴紋針,,,回形針,曲形針,曲別針,萬字夾,,,萬字夾,,,無論是迴紋針、回形針或曲別針，都因造型而得名。而香港稱迴紋針為「萬字夾」，是因為一支迴紋針可以夾住多張文件，而文件中的上萬文字也都被夾在一起，故有此稱。
生活詞彙,文具與辦公事務用品,ㄌㄧㄤˊ　ㄐㄧㄠˇ　ㄑㄧˋ,liáng jiǎo qì,量角器,半圓規,分度規,量角器,半圓儀,,,,,,,,
生活詞彙,文具與辦公事務用品,,,影印機,,,複印機,,,,,,,,,
生活詞彙,文具與辦公事務用品,,,識別證,,,識別證,胸卡,胸牌,,,,,,,
生活詞彙,生活日用品,ㄖㄣˊ　ㄗㄠˋ　ㄆㄧˊ,rén zào pí,人造皮,,,人造革,,,,,,,,,
生活詞彙,生活日用品,,,卡式電話,,,磁卡電話,,,,,,,,,
生活詞彙,生活日用品,,,存錢筒,,,儲蓄罐,,,,,,,,,
生活詞彙,生活日用品,ㄧㄢˊ　ㄔㄤˊ　ㄒㄧㄢˋ,yán cháng xiàn,延長線,,,接線板,插線板,插排,延長線,,,,,,臺灣所說的「延長線」是延長電源和插頭距離的電線，但大陸所說的「延長線」則多用在公路幹道，指交通路線延長的部分。兩者同名異實。
生活詞彙,生活日用品,,,拖把,,,拖把,墩布,拖布,地拖,,,地拖,,,
生活詞彙,生活日用品,ㄆㄠˋ　ㄇㄧㄢˊ,pào mián,泡棉,,,泡沫塑料,,,發泡膠,,,發泡膠,,,
生活詞彙,生活日用品,,,保溫杯,,,保溫杯,保暖杯,,,,,,,,
生活詞彙,生活日用品,ㄅㄠˇ　ㄌㄧˋ　ㄌㄨㄥˊ,Bǎo lì long,保麗龍,保利龍,普利龍,泡沫塑料,多孔塑料,,,,,,,,「保麗龍」一詞是由英文Polystyrene音譯而來。大陸地區將塑膠稱為「塑料」，而保麗龍由於是發泡而成，被稱為「泡沫塑料」，再加上它的材質多氣孔，又稱為「多孔塑料」。
生活詞彙,生活日用品,,,洗衣板,,,洗衣板,搓板,搓衣板,,,,,,,
生活詞彙,生活日用品,,,洗潔劑,,,洗滌劑,,,,,,,,,
生活詞彙,生活日用品,,,紅包,,,紅包,利是封,利是,利是,利是封,,利是,利是封,紅包,
生活詞彙,生活日用品,,,面紙,,,面巾紙,,,,,,,,,
生活詞彙,生活日用品,ㄊㄧㄠˊ　ㄇㄚˇ,tiáo mǎ,條碼,條紋密碼,線條密碼,條碼,條形碼,信息碼,,,,,,,
生活詞彙,生活日用品,,,涼被,,,夏涼被,空調被,,,,,,,,
生活詞彙,生活日用品,,,清潔劑,,,保潔劑,,,,,,,,,
生活詞彙,生活日用品,ㄙㄨˋ　ㄐㄧㄠ,sù jiāo,塑膠,,,塑料,,,,,,,,,中國大陸將塑膠稱為「塑料」。而塑膠袋過度濫用所造成的環境公害，稱為「白色汙染」。
生活詞彙,生活日用品,,,塑膠袋,,,塑料袋,,,,,,,,,
生活詞彙,生活日用品,,,瑞士刀,,,瑞士軍刀,,,,,,,,,
生活詞彙,生活日用品,,,電擊棒,電警棒,電棍,電棒,電警棍,電棍,,,,,,,
生活詞彙,生活日用品,,,熱水瓶,熱水壺,,熱水瓶,暖水瓶,暖瓶,,,,,,,
生活詞彙,生活日用品,,,橡皮筋,,,橡皮筋,猴皮筋,,,,,,,,
生活詞彙,生活日用品,,,燙衣板,,,熨衣板,,,,,,,,,
生活詞彙,生活日用品,,,錄音帶,,,音像帶,磁帶,,,,,,,,
生活詞彙,生活日用品,ㄌㄨㄛˊ　ㄙ　ㄑㄧˇ　˙ㄗ,luó sī qǐ zi,螺絲起子,,,螺絲起子,螺絲刀,改錐,,,,,,,
生活詞彙,生活日用品,,,寶特瓶,,,塑料瓶,,,,,,,,,
生活詞彙,生活日用品,ㄇㄛˊ　ㄍㄨㄟˇ　ㄓㄢ,mó guǐ zhān,魔鬼氈,,,魔術貼,,,,,,,,,
生活詞彙,氣象災害,ㄊㄨˇ　ㄕˊ　ㄌㄧㄡˊ,tǔ shí liú,土石流,,,泥石流,,,,,,,,,臺灣使用「土石流」一詞，源於日本用語。在日文中，「土石流」三字以漢字書寫。而中國大陸則稱之為「泥石流」。
生活詞彙,氣象災害,ㄈㄢˇ　ㄕㄥˋ　ㄧㄥ　ㄒㄧㄢˋ　ㄒㄧㄤˋ,Fǎn shèng yīng xiàn xiàng,反聖嬰現象,聖女現象,,拉尼娜現象,反厄爾尼諾現象,,拉尼娜現象,反厄爾尼諾現象,,拉尼娜現象,反厄爾尼諾現象,,反聖嬰現象一詞，在西班牙原文中，與聖嬰現象相對，稱為La Niña，意指女孩。臺灣中央氣象局將此定名為「反聖嬰現象」，又稱聖女現象。中國大陸音譯為「拉尼娜現象」，或義譯為「反厄爾尼諾現象」。
生活詞彙,氣象災害,ㄕˋ　ㄑㄩ　ㄧㄢ　ㄕㄨㄟˇ,shì qū yān shuǐ,市區淹水,,,城市內澇,,,,,,,,,「澇」意指水淹、雨多成災，所以大陸以「內澇」稱市區淹水的情形。
生活詞彙,氣象災害,ㄍㄨㄤ　ㄏㄞˋ,guāng hài,光害,,,光汙染,,,光害,光汙染,,,,,
生活詞彙,氣象災害,,,流星,,,流星,賊星,,,,,,,,
生活詞彙,氣象災害,,,寒害,,,冷害,,,,,,,,,
生活詞彙,氣象災害,ㄔㄠ　ㄗˋ　ㄖㄢˊ　ㄒㄧㄢˋ　ㄒㄧㄤˋ,chāo zì rán xiàn xiàng,超自然現象,,,超常現象,,,,,,,,,臺灣的「超自然現象」是義譯於英文Supernatural Phenomena一詞。而大陸的「超常現象」則是義譯於英文Paranormal phenomena。
生活詞彙,氣象災害,ㄨㄣ　ㄕˋ　ㄒㄧㄠˋ　ㄧㄥˋ,wēn shì xiào yìng,溫室效應,,,花房效應,溫室效應,,,,,,,,溫室效應的英文為Greenhouse Effect，大陸又翻譯作「花房效應」。
生活詞彙,氣象災害,ㄕㄥˋ　ㄧㄥ　ㄒㄧㄢˋ　ㄒㄧㄤˋ,shèng yīng xiàn xiàng,聖嬰現象,,,厄爾尼諾現象,,,厄爾尼諾現象,,,厄爾尼諾現象,,,臺灣將El Niño義譯為「聖嬰現象」，而中國大陸及港澳等地音譯為「厄爾尼諾現象」。
生活詞彙,氣象災害,,,豪雨,,,暴雨,,,,,,,,,
生活詞彙,氣象災害,ㄓㄣˋ ㄧㄤ,zhèn yāng,震央,,,震中,,,,,,,,,
生活詞彙,植物動物昆蟲,ㄇㄨˋ　ㄇㄧㄢˊ,Mù mián,木棉,紅棉,英雄樹,木棉,英雄樹,攀枝花,,,,,,,
生活詞彙,植物動物昆蟲,ㄅㄞˊ　ㄒㄧㄢˋ　ㄅㄢ　ㄨㄣˊ,bái xiàn bān wén,白線斑蚊,,,白線伊蚊,,,,,,,,,大陸稱「白紋伊蚊」是根據其外觀特徵命名，伊蚊是蚊科伊蚊屬的通稱，而伊蚊是學名Aedes的音譯。
生活詞彙,植物動物昆蟲,,,花苞,,,花苞,花骨朵,,,,,,,,
生活詞彙,植物動物昆蟲,,,海芋,觀音蓮,,馬蹄蓮,,,,,,,,,
生活詞彙,植物動物昆蟲,,,無尾熊,袋熊,,考拉,樹袋熊,,樹熊,,,樹熊,,,
生活詞彙,植物動物昆蟲,,,聖誕紅,,,一品紅,,,,,,,,,
生活詞彙,植物動物昆蟲,ㄇㄠ　ㄒㄩㄥˊ,māo xióng,貓熊,大貓熊,熊貓,熊貓,大熊貓,,大熊貓,熊貓,,大熊貓,熊貓,,臺灣稱貓熊，是採用專名在前、通名在後的命名慣例，意思是像貓的熊科動物。大陸、香港澳門地區則慣稱為「熊貓」。
生活詞彙,工業原料,,,冷媒,氟氯烷,製冷劑,製冷劑,氟利昂,雪種,雪種,,,雪種,,,
生活詞彙,工業原料,,,硝化甘油,,,硝酸甘油,,,,,,,,,
生活詞彙,工業原料,ㄙㄨˋ　ㄏㄨㄚˋ　ㄐㄧˋ,sù huà jì,塑化劑,可塑劑,,塑化劑,增塑劑,,塑化劑,,,塑化劑,,,
生活詞彙,工業原料,ㄧㄚ　ㄎㄜˋ　ㄌㄧˋ,yā kè lì,壓克力,亞克力,,有機玻璃,亞克力,,有機玻璃,亞克力,阿加力膠,有機玻璃,亞克力,阿加力膠,「壓克力」或「亞克力」、「阿加力膠」等稱呼，都是來源於英文Acrylic的音譯。
生活詞彙,工業原料,ㄉㄞˋ　ㄠˋ　ㄒㄧㄣ,dài ào xīn,戴奧辛,,,二噁英,,,二噁英,,,二噁英,,,
生活詞彙,日常用語,,,三不五時,,,隔三差五,,,,,,,,,
生活詞彙,日常用語,,,口無遮攔,,,沒下巴,,,,,,,,,
生活詞彙,日常用語,,,不好用,,,不好使,,,,,,,,,
生活詞彙,日常用語,,,引人目光,,,奪人眼球,,,,,,,,,
生活詞彙,日常用語,,,心理準備,,,思想準備,,,,,,,,,
生活詞彙,日常用語,,,心機,,,小九九,,,,,,,,,
生活詞彙,日常用語,,,火熱,熱鬧,,火爆,,,,,,,,,
生活詞彙,日常用語,,,出頭,,,出頭,冒尖,冒頭,,,,,,,
生活詞彙,日常用語,,,半吊子,,,二把刀,,,,,,,,,
生活詞彙,日常用語,ㄐㄧㄠˋ　ㄓㄣˋ,jiào zhèn,叫陣,嗆聲,,叫板,,,,,,,,,「嗆聲」是閩南語方言。而「叫板」一詞有兩種意思，一用在傳統戲曲中，當演員在說白後起唱前，把說白最後一個字拉長，配合特殊動作，向樂師示意，配合唱腔過度。而另外一種說法則與叫陣和嗆聲相同，是北京、天津一帶的方言。
生活詞彙,日常用語,,,可靠,,,靠譜,,,,,,,,,
生活詞彙,日常用語,,,立刻,馬上,,立刻,馬上,立馬,,,,,,,
生活詞彙,日常用語,,,丟臉,丟面子,,丟臉,丟面子,跌份,,,,,,,
生活詞彙,日常用語,,,地主國,,,東道國,,,,,,,,,
生活詞彙,日常用語,,,收尾,,,收官,,,,,,,,,
生活詞彙,日常用語,,,有錢人,,,大款,,,,,,,,,
生活詞彙,日常用語,,,西瓜偎大邊　　　　　　　　　　　　　　　　　　　　　　　　　　　　　　　　,,,隨大流,,,,,,,,,
生活詞彙,日常用語,,,吵架,,,吵架,吵嘴,打嘴仗,,,,,,,
生活詞彙,日常用語,,,吸睛,,,奪人眼球,,,,,,,,,
生活詞彙,日常用語,ㄅㄢˋ　ㄅㄞˊ　ㄌㄧㄢˇ,bàn bái liǎn,扮白臉,,,唱紅臉,,,,,,,,,大陸稱為「唱紅臉」，由於京劇中畫紅臉的角色多是忠臣或好人，故引以為用。
生活詞彙,日常用語,ㄅㄢˋ　ㄏㄟ　ㄌㄧㄢˇ,bàn hēi liǎn,扮黑臉,,,唱白臉,,,,,,,,,大陸稱為「唱白臉」，由於京劇中畫白臉的角色多是奸臣或壞人，故引以為用。
生活詞彙,日常用語,,,供不應求,,,緊張,,,,,,,,,
生活詞彙,日常用語,,,兒時玩伴,,,玩伴,髮小,,,,,,,,
生活詞彙,日常用語,,,定時,,,定點,,,,,,,,,
生活詞彙,日常用語,,,忠心耿耿,,,鐵桿,,,,,,,,,
生活詞彙,日常用語,,,放心,,,放心,省心,,,,,,,,
生活詞彙,日常用語,,,盲點,,,誤區,,,,,,,,,
生活詞彙,日常用語,,,直立式,,,立式,,,,,,,,,
生活詞彙,日常用語,,,保固,,,保修,,,,,,,,,
生活詞彙,日常用語,,,查哨,,,查崗,,,,,,,,,
生活詞彙,日常用語,,,洩密,,,失密,洩密,,,,,,,,
生活詞彙,日常用語,,,紅白包,,,份子錢,,,,,,,,,
生活詞彙,日常用語,,,面對,,,直面,,,,,,,,,
生活詞彙,日常用語,,,弱點,,,軟肋,,,,,,,,,
生活詞彙,日常用語,,,缺陷,缺點,弱點,短板,,,,,,,,,
生活詞彙,日常用語,,,逆轉,,,逆轉,反超,,,,,,,,
生活詞彙,日常用語,,,高等級,,,高端,,,,,,,,,
生活詞彙,日常用語,,,唬弄,,,忽悠,,,,,,,,,
生活詞彙,日常用語,,,情勢明朗,,,無懸念,,,,,,,,,
生活詞彙,日常用語,,,累癱,,,趴窩,,,,,,,,,
生活詞彙,日常用語,,,脫線,,,抽風,,,,,,,,,
生活詞彙,日常用語,,,惡性循環,,,怪圈,,,,,,,,,
生活詞彙,日常用語,,,焦點,,,亮點,,,,,,,,,
生活詞彙,日常用語,,,等級,,,等級,檔次,,,,,,,,
生活詞彙,日常用語,,,結伴,,,扎堆,,,,,,,,,
生活詞彙,日常用語,,,結實,,,皮實,結實,,,,,,,,
生活詞彙,日常用語,,,黑箱作業,,,暗箱操作,,,,,,,,,
生活詞彙,日常用語,,,煩心,,,鬧心,煩心,,,,,,,,
生活詞彙,日常用語,,,煩亂,猶豫兩難,,糾結,,,,,,,,,
生活詞彙,日常用語,,,詭計,,,貓膩,,,,,,,,,
生活詞彙,日常用語,,,零組件,,,零部件,零配件,,,,,,,,
生活詞彙,日常用語,,,頒布,公布,出爐,出臺,,,,,,,,,
生活詞彙,日常用語,ㄐㄧㄥ　ㄕㄣˊ　ㄅㄠˋ　ㄌㄧˋ,jīng shén bào lì,精神暴力,精神虐待,,冷暴力,軟暴力,,,,,,,,大陸所說的「冷暴力」或「軟暴力」是相較於肢體暴力的粗暴動作，強調其對精神心理上的恐嚇，被害人心理上感受不到人際互動本應帶來的溫暖感受。
生活詞彙,日常用語,,,障礙,,,障礙,溝溝坎砍,,,,,,,,
生活詞彙,日常用語,,,暴增,,,井噴,,,,,,,,,
生活詞彙,日常用語,,,潑冷水,,,吹冷風,潑冷水,,,,,,,,
生活詞彙,日常用語,,,膠膜,,,塑封,,,,,,,,,
生活詞彙,日常用語,,,錯不了,,,錯不了,沒跑兒,,,,,,,,
生活詞彙,日常用語,,,鎮定,,,淡定,,,,,,,,,
生活詞彙,日常用語,,,嚼勁,,,筋道,,,,,,,,,
生活詞彙,日常用語,,,懸疑,,,懸念,,,,,,,,,
生活詞彙,日常用語,,,出主意,,,支招,,,,,,,,,
生活詞彙,日常用語,,,護貝,,,過塑,,,,,,,,,
生活詞彙,日常用語,,,驚人,,,雷人,,,,,,,,,
生活詞彙,日常用語,,,鑽漏洞,,,鑽空子,,,,,,,,,
