序號,正體字,簡化字,音一,音二,音三,音四,音五,音六,統讀
1,阿,阿,ā,ē,,,,,
2,挨,挨,āi,ái,,,,,
3,癌,癌,ái,,,,,,統讀
4,靄,霭,ǎi,,,,,,統讀
5,藹,蔼,ǎi,,,,,,統讀
6,隘,隘,ài,,,,,,統讀
7,諳,谙,ān,,,,,,統讀
8,垵,埯,ǎn,,,,,,統讀
9,昂,昂,ánɡ,,,,,,統讀
10,凹,凹,āo,,,,,,統讀
11,拗,拗,ào,niù,ǎo,,,,
12,坳,坳,ào,,,,,,統讀
13,拔,拔,bá,,,,,,統讀
14,把,把,bǎ,bà,,,,,
15,白,白,bái,,,,,,統讀
16,膀,膀,bǎnɡ,pánɡ,pānɡ,bànɡ,,,
17,蚌,蚌,bànɡ,bènɡ,,,,,
18,傍,傍,bànɡ,,,,,,統讀
19,磅,磅,bànɡ,pánɡ,,,,,
20,齙,龅,bāo,,,,,,統讀
21,胞,胞,bāo,,,,,,統讀
22,薄,薄,báo,bó,bò,,,,
23,堡,堡,bǎo,bǔ,pù,,,,
24,暴,暴,bào,pù,,,,,
25,爆,爆,bào,,,,,,統讀
26,焙,焙,bèi,,,,,,統讀
27,憊,惫,bèi,,,,,,統讀
28,背,背,bèi,bēi,,,,,
29,鄙,鄙,bǐ,,,,,,統讀
30,俾,俾,bǐ,,,,,,統讀
31,筆,笔,bǐ,,,,,,統讀
32,比,比,bǐ,,,,,,統讀
33,臂,臂,bì,bei,,,,,
34,庇,庇,bì,,,,,,統讀
35,髀,髀,bì,,,,,,統讀
36,避,避,bì,,,,,,統讀
37,辟,辟,bì,pì,,,,,
38,裨,裨,bì,pí,,,,,
39,婢,婢,bì,,,,,,統讀
40,痹,痹,bì,,,,,,統讀
41,壁,壁,bì,,,,,,統讀
42,蝙,蝙,biān,,,,,,統讀
43,遍,遍,biàn,,,,,,統讀
44,驃,骠,biāo,piào,,,,,
45,儐,傧,bīn,,,,,,統讀
46,繽,缤,bīn,,,,,,統讀
47,瀕,濒,bīn,,,,,,統讀
48,髕,髌,bīn,,,,,,統讀
49,屏,屏,bǐn,pínɡ,bīnɡ,,,,
50,柄,柄,bǐnɡ,,,,,,統讀
51,波,波,bō,,,,,,統讀
52,播,播,bō,,,,,,統讀
53,菠,菠,bō,,,,,,統讀
54,剝,剥,bō,bāo,,,,,
55,泊,泊,bó,pō,,,,,
56,帛,帛,bó,,,,,,統讀
57,勃,勃,bó,,,,,,統讀
58,鈸,钹,bó,,,,,,統讀
59,伯,伯,bó,bǎi,,,,,
60,箔,箔,bó,,,,,,統讀
61,簸,簸,bǒ,bò,,,,,
62,膊,膊,bo,bó,,,,,
63,蔔,卜,bo,,,,,,
,卜,卜,bǔ,,,,,,
64,醭,醭,bú,,,,,,統讀
65,哺,哺,bǔ,,,,,,統讀
66,捕,捕,bǔ,,,,,,統讀
67,鵏,鵏,bǔ,,,,,,統讀
68,埠,埠,bù,,,,,,統讀
69,殘,残,cán,,,,,,統讀
70,慚,惭,cán,,,,,,統讀
71,燦,灿,càn,,,,,,統讀
72,藏,藏,cánɡ,zànɡ,,,,,
73,糙,糙,cāo,,,,,,統讀
74,嘈,嘈,cáo,,,,,,統讀
75,螬,螬,cáo,,,,,,統讀
76,廁,厕,cè,,,,,,統讀
77,岑,岑,cén,,,,,,統讀
78,差,差,chā,chà,cī,chāi,cūo,,
79,猹,猹,chá,,,,,,統讀
80,搽,搽,chá,,,,,,統讀
81,闡,阐,chǎn,,,,,,統讀
82,羼,羼,chàn,,,,,,統讀
83,顫,颤,chàn,zhàn,,,,,
84,韂,韂,chàn,,,,,,統讀
85,倀,伥,chānɡ,,,,,,統讀
86,場,场,chǎnɡ,chánɡ,chanɡ,,,,
87,鈔,钞,chāo,,,,,,統讀
88,巢,巢,cháo,,,,,,統讀
89,嘲,嘲,cháo,zhāo,,,,,
90,耖,耖,chào,,,,,,統讀
91,車,车,chē,jū,,,,,
92,晨,晨,chén,,,,,,統讀
93,稱,称,chèn,chēnɡ,chènɡ,,,,
94,撐,撑,chēnɡ,,,,,,統讀
95,乘,乘,chénɡ,shènɡ,,,,,
96,橙,橙,chénɡ,,,,,,統讀
97,懲,惩,chénɡ,,,,,,統讀
98,澄,澄,chénɡ,dènɡ,,,,,
99,痴,痴,chī,,,,,,統讀
100,吃,吃,chī,,,,,,統讀
101,弛,弛,chí,,,,,,統讀
102,褫,褫,chǐ,,,,,,統讀
103,尺,尺,chǐ,chě,,,,,
104,豉,豉,chǐ,,,,,,統讀
105,侈,侈,chǐ,,,,,,統讀
106,熾,炽,chì,,,,,,統讀
107,舂,舂,chōnɡ,,,,,,統讀
108,衝,冲,chònɡ,chōnɡ,,,,,
109,臭,臭,chòu,xiù,,,,,
110,儲,储,chǔ,,,,,,統讀
111,處,处,chǔ,chù,,,,,
112,畜,畜,chù,xù,,,,,
113,觸,触,chù,,,,,,統讀
114,搐,搐,chù,,,,,,統讀
115,絀,绌,chù,,,,,,統讀
116,黜,黜,chù,,,,,,統讀
117,闖,闯,chuǎnɡ,,,,,,統讀
118,創,创,chuànɡ,chuānɡ,,,,,
119,綽,绰,chuò,chuo,,,,,
120,疵,疵,cī,,,,,,統讀
121,雌,雌,cí,,,,,,統讀
122,賜,赐,cì,,,,,,統讀
123,伺,伺,cì,sì,,,,,
124,樅,枞,cōnɡ,zōnɡ,,,,,
125,從,从,cónɡ,,,,,,統讀
126,叢,丛,cónɡ,,,,,,統讀
127,攢,攒,cuán,zǎn,,,,,
128,脆,脆,cuì,,,,,,統讀
129,撮,撮,cuō,zuǒ,,,,,
130,措,措,cuò,,,,,,統讀
131,搭,搭,dā,,,,,,統讀
132,答,答,dá,dā,,,,,
133,打,打,dá,dǎ,,,,,
134,大,大,dà,dài,,,,,
135,呆,呆,dāi,,,,,,統讀
136,傣,傣,dǎi,,,,,,統讀
137,逮,逮,dài,dǎi,,,,,
138,當,当,dānɡ,dànɡ,,,,,
139,檔,档,dànɡ,,,,,,統讀
140,蹈,蹈,dǎo,,,,,,統讀
141,導,导,dǎo,,,,,,統讀
142,倒,倒,dǎo,dào,,,,,
143,悼,悼,dào,,,,,,統讀
144,纛,纛,dào,,,,,,統讀
145,凳,凳,dènɡ,,,,,,統讀
146,羝,羝,dī,,,,,,統讀
147,氐,氐,dī,,,,,,
148,堤,堤,dī,,,,,,統讀
149,提,提,dī,tí,,,,,
150,的,的,dí,dì,de,,,,
151,抵,抵,dǐ,,,,,,統讀
152,蒂,蒂,dì,,,,,,統讀
153,締,缔,dì,,,,,,統讀
154,諦,谛,dì,,,,,,統讀
155,點,点,dian,diǎn,,,,,
156,跌,跌,diē,,,,,,統讀
157,蝶,蝶,dié,,,,,,統讀
158,訂,订,dìnɡ,,,,,,統讀
159,都,都,dōu,dū,,,,,
160,堆,堆,duī,,,,,,統讀
161,噸,吨,dūn,,,,,,統讀
162,盾,盾,dùn,,,,,,統讀
163,多,多,duō,,,,,,統讀
164,咄,咄,duō,,,,,,統讀
165,掇,掇,duō,duo,,,,,
166,裰,裰,duō,,,,,,統讀
167,踱,踱,duó,,,,,,統讀
168,度,度,duó,dù,,,,,
169,婀,婀,ē,,,,,,統讀
170,伐,伐,fá,,,,,,統讀
171,閥,阀,fá,,,,,,統讀
172,砝,砝,fǎ,,,,,,統讀
173,法,法,fǎ,,,,,,統讀
174,發,发,fā,,,,,,
175,髮,发,fà,,,,,,
176,帆,帆,fān,,,,,,統讀
177,藩,藩,fān,,,,,,統讀
178,梵,梵,fàn,,,,,,統讀
179,坊,坊,fānɡ,fánɡ,,,,,
180,妨,妨,fánɡ,,,,,,統讀
181,防,防,fánɡ,,,,,,統讀
182,肪,肪,fánɡ,,,,,,統讀
183,沸,沸,fèi,,,,,,統讀
184,汾,汾,fén,,,,,,統讀
185,諷,讽,fěnɡ,,,,,,統讀
186,膚,肤,fū,,,,,,統讀
187,敷,敷,fū,,,,,,統讀
188,俘,俘,fú,,,,,,統讀
189,浮,浮,fú,,,,,,統讀
190,服,服,fú,fù,,,,,
191,拂,拂,fú,,,,,,統讀
192,輻,辐,fú,,,,,,統讀
193,幅,幅,fú,,,,,,統讀
194,甫,甫,fǔ,,,,,,統讀
195,複,复,fù,,,,,,統讀
196,縛,缚,fù,,,,,,統讀
197,噶,噶,ɡá,,,,,,統讀
198,岡,冈,ɡānɡ,,,,,,統讀
199,剛,刚,ɡānɡ,,,,,,統讀
200,崗,岗,ɡǎnɡ,ɡānɡ,,,,,
201,港,港,ɡǎnɡ,,,,,,統讀
202,葛,葛,ɡé,ɡě,,,,,
203,隔,隔,ɡé,,,,,,統讀
204,革,革,ɡé,,,,,,
205,合,合,ɡě,hé,,,,,
206,給,给,ɡěi,jǐ,,,,,
207,亙,亘,ɡè,,,,,,統讀
208,更,更,ɡēnɡ,ɡènɡ,,,,,
209,頸,颈,ɡěnɡ,jǐnɡ,,,,,
210,供,供,ɡōnɡ,ɡònɡ,,,,,
211,佝,佝,ɡōu,,,,,,統讀
212,枸,枸,ɡǒu,ɡōu,jǔ,,,,
213,勾,勾,ɡòu,ɡōu,,,,,
214,估,估,ɡū,ɡù,,,,,
215,骨,骨,ɡǔ,ɡū,,,,,
216,谷,谷,ɡǔ,yù,,,,,
217,穀,谷,ɡǔ,,,,,,
218,錮,锢,ɡù,,,,,,統讀
219,冠,冠,ɡuān,ɡuàn,,,,,
220,獷,犷,ɡuǎnɡ,,,,,,統讀
221,庋,庋,ɡuǐ,,,,,,統讀
222,檜,桧,ɡuì,huì,,,,,
223,劊,刽,ɡuì,,,,,,統讀
224,聒,聒,ɡuō,,,,,,統讀
225,蟈,蝈,ɡuō,,,,,,統讀
226,過,过,ɡuò,ɡuō,,,,,
227,蝦,虾,há,xiā,,,,,
228,哈,哈,hǎ,hà,hā,,,,
229,汗,汗,hán,hàn,,,,,
230,巷,巷,hànɡ,xiànɡ,,,,,
231,號,号,háo,hào,,,,,
232,和,和,hè,huo,hé,huò,hàn,hú,
233,貉,貉,hé,háo,,,,,
234,壑,壑,hè,,,,,,統讀
235,褐,褐,hè,,,,,,統讀
236,喝,喝,hè,hē,,,,,
237,鶴,鹤,hè,,,,,,統讀
238,黑,黑,hēi,,,,,,統讀
239,亨,亨,hēnɡ,,,,,,統讀
240,橫,横,hénɡ,hènɡ,,,,,
241,訇,訇,hōnɡ,,,,,,統讀
242,虹,虹,hónɡ,jiànɡ,,,,,
243,訌,讧,hònɡ,,,,,,統讀
244,囫,囫,hú,,,,,,統讀
245,瑚,瑚,hú,,,,,,統讀
246,蝴,蝴,hú,,,,,,統讀
247,樺,桦,huà,,,,,,統讀
248,徊,徊,huái,,,,,,統讀
249,踝,踝,huái,,,,,,統讀
250,浣,浣,huàn,,,,,,統讀
251,黃,黄,huánɡ,,,,,,統讀
252,荒,荒,huanɡ,huānɡ,,,,,
253,誨,诲,huì,,,,,,統讀
254,賄,贿,huì,,,,,,統讀
255,會,会,huì,kuài,,,,,
256,混,混,hùn,hún,,,,,
257,蠖,蠖,huò,,,,,,統讀
258,霍,霍,huò,,,,,,統讀
259,豁,豁,huò,huō,huá,,,,
260,獲,获,huò,,,,,,統讀
261,羈,羁,jī,,,,,,統讀
262,擊,击,jī,,,,,,統讀
263,奇,奇,jī,qí,,,,,
264,芨,芨,jī,,,,,,統讀
265,緝,缉,jī,qī,,,,,
266,几,几,jī,,,,,,
267,幾,几,jī,jǐ,,,,,
268,圾,圾,jī,,,,,,統讀
269,戢,戢,jí,,,,,,統讀
270,疾,疾,jí,,,,,,統讀
271,汲,汲,jí（统续）,,,,,,統讀
272,棘,棘,jí,,,,,,統讀
273,藉,藉,jí,jiè,,,,,
274,嫉,嫉,jí,,,,,,統讀
275,脊,脊,jǐ,,,,,,統讀
276,紀,纪,jǐ,jì,,,,,
277,偈,偈,jì,jié,,,,,
278,績,绩,jì,,,,,,統讀
279,跡,迹,jì,,,,,,統讀
280,寂,寂,jì,,,,,,統讀
281,箕,箕,ji,jī,,,,,
282,輯,辑,ji,jí,,,,,
283,茄,茄,jiā,qié,,,,,
284,夾,夹,jiā,jiá,ɡā,,,,
285,浹,浃,jiā,,,,,,統讀
286,甲,甲,jiǎ,,,,,,統讀
287,殲,歼,jiān,,,,,,統讀
288,韉,鞯,jiān,,,,,,統讀
289,間,间,jiān,jiàn,,,,,
290,趼,趼,jiǎn,,,,,,統讀
291,儉,俭,jiǎn,,,,,,統讀
292,韁,缰,jiānɡ,,,,,,統讀
293,膙,膙,jiǎnɡ,,,,,,統讀
294,嚼,嚼,jiáo,jué,jiào,,,,
295,僥,侥,jiǎo,yáo,,,,,
296,角,角,jiǎo,jué,,,,,
297,腳,脚,jiǎo,jué,,,,,
298,剿,剿,jiǎo,chāo,,,,,
299,校,校,jiào,xiào,,,,,
300,較,较,jiào,,,,,,統讀
301,酵,酵,jiào,,,,,,統讀
302,嗟,嗟,jiē,,,,,,統讀
303,癤,疖,jiē,,,,,,統讀
304,結,结,jié,jiē,,,,,
305,睫,睫,jié,,,,,,統讀
306,芥,芥,jiè,ɡài,,,,,
307,矜,矜,jīn,ɡuān,qín,,,,
308,僅,仅,jǐn,jìn,,,,,
309,饉,馑,jǐn,,,,,,統讀
310,覲,觐,jìn,,,,,,統讀
311,浸,浸,jìn,,,,,,統讀
312,斤,斤,jin,jīn,,,,,
313,莖,茎,jīnɡ,,,,,,統讀
314,粳,粳,jīnɡ,,,,,,統讀
315,鯨,鲸,jīnɡ,,,,,,統讀
316,境,境,jìnɡ,,,,,,統讀
317,痙,痉,jìnɡ,,,,,,統讀
318,勁,劲,jìnɡ,jìn,,,,,
319,窘,窘,jiǒnɡ,,,,,,統讀
320,究,究,jiū,,,,,,統讀
321,糾,纠,jiū,,,,,,統讀
322,鞠,鞠,jū,,,,,,統讀
323,鞫,鞫,jū,,,,,,統讀
324,掬,掬,jū,,,,,,統讀
325,苴,苴,jū,,,,,,統讀
326,咀,咀,jǔ,,,,,,
327,矩,矩,jǔ,ju,,,,,
328,俱,俱,jù,,,,,,統讀
329,龜,龟,jūn,ɡuī,qiū,,,,
330,菌,菌,jūn,jùn,,,,,
331,俊,俊,jùn,,,,,,統讀
332,卡,卡,kǎ,qiǎ,,,,,
333,揩,揩,kāi,,,,,,統讀
334,慨,慨,kǎi,,,,,,統讀
335,愾,忾,kài,,,,,,統讀
336,勘,勘,kān,,,,,,統讀
337,看,看,kān,kàn,,,,,
338,慷,慷,kānɡ,,,,,,統讀
339,拷,拷,kǎo,,,,,,統讀
340,坷,坷,kē,kě,,,,,
341,屙,疴,kē,,,,,,統讀
342,殼,壳,ké,qiào,,,,,
343,可,可,kě,kè,,,,,
344,恪,恪,kè,,,,,,統讀
345,刻,刻,kè,,,,,,統讀
346,克,克,kè,,,,,,
,剋,克,kè,,,,,,
347,空,空,kōnɡ,kònɡ,,,,,
348,瞘,眍,kōu,,,,,,統讀
349,矻,矻,kū,,,,,,統讀
350,酷,酷,kù,,,,,,統讀
351,框,框,kuànɡ,,,,,,統讀
352,礦,矿,kuànɡ,,,,,,統讀
353,傀,傀,kuǐ,,,,,,統讀
354,潰,溃,kuì,huì,,,,,
355,簣,篑,kuì,,,,,,統讀
356,括,括,kuò,,,,,,統讀
357,垃,垃,lā,,,,,,統讀
358,邋,邋,lā,,,,,,統讀
359,罱,罱,lǎn,,,,,,統讀
360,纜,缆,lǎn,,,,,,統讀
361,藍,蓝,lan,lán,,,,,
362,琅,琅,lánɡ,,,,,,統讀
363,撈,捞,lāo,,,,,,統讀
364,勞,劳,láo,,,,,,統讀
365,醪,醪,láo,,,,,,統讀
366,烙,烙,lào,luò,,,,,
367,勒,勒,lè,lēi,,,,,
368,擂,擂,léi,lèi,,,,,
369,礌,礌,léi,,,,,,統讀
370,羸,羸,léi,,,,,,統讀
371,蕾,蕾,lěi,,,,,,統讀
372,累,累,lèi,léi,lěi,,,,
373,蠡,蠡,lí,lǐ,,,,,
374,喱,喱,lí,,,,,,統讀
375,連,连,lián,,,,,,統讀
376,斂,敛,liǎn,,,,,,統讀
377,戀,恋,liàn,,,,,,統讀
378,量,量,liànɡ,lianɡ,liánɡ,,,,
379,踉,踉,liànɡ,,,,,,
380,潦,潦,liáo,lào,lǎo,,,,
381,劣,劣,liè,,,,,,統讀
382,捩,捩,liè,,,,,,統讀
383,趔,趔,liè,,,,,,統讀
384,拎,拎,līn,,,,,,統讀
385,遴,遴,lín,,,,,,統讀
386,淋,淋,lín,lìn,,,,,
387,蛉,蛉,línɡ,,,,,,統讀
388,榴,榴,liú,,,,,,統讀
389,餾,馏,liú,liù,,,,,
390,鎦,镏,liú,liù,,,,,
391,碌,碌,liù,lù,,,,,
392,籠,笼,lónɡ,lǒnɡ,,,,,
393,僂,偻,lóu,lǚ,,,,,
394,瞜,䁖,lou,lōu,lǘ,,,,
395,虜,虏,lǔ,,,,,,統讀
396,擄,掳,lǔ,,,,,,統讀
397,露,露,lù,lòu,,,,,
398,櫚,榈,lǘ,,,,,,統讀
399,捋,捋,lǚ,luō,,,,,
400,綠,绿,lǜ,lù,,,,,
401,孿,孪,luán,,,,,,統讀
402,攣,挛,luán,,,,,,統讀
403,掠,掠,lüè,,,,,,統讀
404,圇,囵,lún,,,,,,統讀
405,絡,络,luò,lào,,,,,
406,落,落,luò,lào,là,,,,
407,脈,脉,mài,mò,,,,,
408,漫,漫,màn,,,,,,統讀
409,蔓,蔓,màn,wàn,,,,,
410,牤,牤,mānɡ,,,,,,統讀
411,氓,氓,mánɡ,ménɡ,,,,,
412,芒,芒,mánɡ,,,,,,統讀
413,鉚,铆,mǎo,,,,,,統讀
414,瑁,瑁,mào,,,,,,統讀
415,虻,虻,ménɡ,,,,,,統讀
416,盟,盟,ménɡ,,,,,,統讀
417,禰,祢,mí,,,,,,統讀
418,眯,眯,mí,mī,,,,,
419,靡,靡,mí,mǐ,,,,,
420,秘,秘,mì,bì,,,,,
421,泌,泌,mì,bì,,,,,
422,娩,娩,miǎn,,,,,,統讀
423,緲,缈,miǎo,,,,,,統讀
424,皿,皿,mǐn,,,,,,統讀
425,閩,闽,mǐn,,,,,,統讀
426,茗,茗,mínɡ,,,,,,統讀
427,酩,酩,mǐnɡ,,,,,,統讀
428,謬,谬,miù,,,,,,統讀
429,摸,摸,mō,,,,,,統讀
430,模,模,mó,mú,,,,,
431,膜,膜,mó,,,,,,統讀
432,摩,摩,mó,mā,,,,,
433,嬤,嬷,mó,,,,,,統讀
434,墨,墨,mò,,,,,,統讀
435,耱,耱,mò,,,,,,統讀
436,沫,沫,mò,,,,,,統讀
437,繆,缪,móu,miào,miù,,,,
438,難,难,nán,nàn,,,,,
439,蝻,蝻,nǎn,,,,,,統讀
440,蟯,蛲,náo,,,,,,統讀
441,訥,讷,nè,,,,,,統讀
442,餒,馁,něi,,,,,,統讀
443,嫩,嫩,nèn,,,,,,統讀
444,恁,恁,nèn,,,,,,統讀
445,妮,妮,nī,,,,,,統讀
446,拈,拈,niān,,,,,,統讀
447,鯰,鲇,nián,,,,,,統讀
448,釀,酿,niànɡ,,,,,,統讀
449,尿,尿,niào,suī,,,,,
450,囁,嗫,niè,,,,,,統讀
451,寧,宁,nínɡ,nìnɡ,,,,,
452,忸,忸,niǔ,,,,,,統讀
453,膿,脓,nónɡ,,,,,,統讀
454,弄,弄,nònɡ,lònɡ,,,,,
455,暖,暖,nuǎn,,,,,,統讀
456,衄,衄,nǜ,,,,,,統讀
457,瘧,疟,nüè,yào,,,,,
458,娜,娜,nuó,nà,,,,,
459,毆,殴,ōu,,,,,,統讀
460,嘔,呕,ǒu,,,,,,統讀
461,杷,杷,pá,,,,,,統讀
462,琶,琶,pá,,,,,,統讀
463,牌,牌,pái,,,,,,統讀
464,排,排,pǎi,pái,,,,,
465,迫,迫,pǎi,pò,,,,,
466,湃,湃,pài,,,,,,統讀
467,爿,爿,pán,,,,,,統讀
468,胖,胖,pán,pànɡ,,,,,
469,蹣,蹒,pán,,,,,,統讀
470,畔,畔,pàn,,,,,,統讀
471,乓,乓,pānɡ,,,,,,統讀
472,滂,滂,pānɡ,,,,,,統讀
473,脬,脬,pāo,,,,,,統讀
474,胚,胚,pēi,,,,,,統讀
475,噴,喷,pēn,pèn,pen,,,,
476,澎,澎,pénɡ,,,,,,統讀
477,坯,坯,pī,,,,,,統讀
478,披,披,pī,,,,,,統讀
479,匹,匹,pǐ,,,,,,統讀
480,僻,僻,pì,,,,,,統讀
481,譬,譬,pì,,,,,,統讀
482,片,片,piàn,piān,,,,,
483,剽,剽,piāo,,,,,,統讀
484,縹,缥,piāo,piǎo,,,,,
485,撇,撇,piē,piě,,,,,
486,聘,聘,pìn,,,,,,統讀
487,乒,乒,pīnɡ,,,,,,統讀
488,頗,颇,pō,,,,,,統讀
489,剖,剖,pōu,,,,,,統讀
490,仆,仆,pū,,,,,,
491,僕,仆,pú,,,,,,
492,撲,扑,pū,,,,,,統讀
493,朴,朴,pǔ,pò,pō,piáo,,,
494,樸,朴,pǔ,,,,,,
495,蹼,蹼,pǔ,,,,,,統讀
496,瀑,瀑,pù,bào,,,,,
497,曝,曝,pù,bào,,,,,
498,栖,栖,qī,xī,,,,,
499,棲,栖,qī,,,,,,
500,戚,戚,qī,,,,,,統讀
501,漆,漆,qī,,,,,,統讀
502,期,期,qī,,,,,,統讀
503,蹊,蹊,qī,,,,,,統讀
504,蠐,蛴,qí,,,,,,統讀
505,畦,畦,qí,,,,,,統讀
506,萁,萁,qí,,,,,,統讀
507,騎,骑,qí,,,,,,統讀
508,企,企,qǐ,,,,,,統讀
509,綺,绮,qǐ,,,,,,統讀
510,杞,杞,qǐ,,,,,,統讀
511,槭,槭,qì,,,,,,統讀
512,洽,洽,qià,,,,,,統讀
513,簽,签,qiān,,,,,,統讀
514,潛,潜,qián,,,,,,統讀
515,蕁,荨,qián,xún,,,,,
516,嵌,嵌,qiàn,,,,,,統讀
517,欠,欠,qian,qiàn,,,,,
518,戕,戕,qiānɡ,,,,,,統讀
519,鏹,镪,qiānɡ,qiǎnɡ,,,,,
520,強,强,qiánɡ,qiǎnɡ,jiànɡ,,,,
521,繈,襁,qiǎnɡ,,,,,,統讀
522,蹌,跄,qiànɡ,,,,,,統讀
523,悄,悄,qiāo,qiǎo,,,,,
524,橇,橇,qiāo,,,,,,統讀
525,翹,翘,qiào,qiáo,,,,,
526,怯,怯,qiè,,,,,,統讀
527,挈,挈,qiè,,,,,,統讀
528,趄,趄,qie,jū,,,,,
529,侵,侵,qīn,,,,,,統讀
530,衾,衾,qīn,,,,,,統讀
531,噙,噙,qín,,,,,,統讀
532,傾,倾,qīnɡ,,,,,,統讀
533,親,亲,qìnɡ,qīn,,,,,
534,穹,穹,qiónɡ,,,,,,統讀
535,黢,黢,qū,,,,,,統讀
536,麯,曲,qū,,,,,,
537,曲,曲,qū,qǔ,,,,,
538,渠,渠,qú,,,,,,統讀
539,瞿,瞿,qú,,,,,,統讀
540,蠼,蠼,qú,,,,,,統讀
541,苣,苣,qǔ,jù,,,,,
542,齲,龋,qǔ,,,,,,統讀
543,趣,趣,qù,,,,,,統讀
544,雀,雀,què,qiāo,,,,,
545,髯,髯,rán,,,,,,統讀
546,攘,攘,rǎnɡ,,,,,,統讀
547,橈,桡,ráo,,,,,,統讀
548,繞,绕,rào,,,,,,統讀
549,任,任,rén,rèn,,,,,
550,妊,妊,rèn,,,,,,統讀
551,扔,扔,rēnɡ,,,,,,統讀
552,容,容,rónɡ,,,,,,統讀
553,糅,糅,róu,,,,,,統讀
554,茹,茹,rú,,,,,,統讀
555,孺,孺,rú,,,,,,統讀
556,蠕,蠕,rú,,,,,,統讀
557,辱,辱,rǔ,,,,,,統讀
558,挼,挼,ruó,,,,,,統讀
559,靸,靸,sǎ,,,,,,統讀
560,噻,噻,sāi,,,,,,統讀
561,散,散,sǎn,san,sàn,,,,
562,喪,丧,sanɡ,sànɡ,,,,,
563,掃,扫,sǎo,sào,,,,,
564,埽,埽,sào,,,,,,統讀
565,色,色,sè,shǎi,,,,,
566,塞,塞,sè,sāi,,,,,
567,森,森,sēn,,,,,,統讀
568,煞,煞,shā,shà,,,,,
569,啥,啥,shá,,,,,,統讀
570,廈,厦,shà,xià,,,,,
571,杉,杉,shān,shā,,,,,
572,衫,衫,shān,,,,,,統讀
573,姍,姗,shān,,,,,,統讀
574,苫,苫,shàn,shān,,,,,
575,墒,墒,shānɡ,,,,,,統讀
576,猞,猞,shē,,,,,,統讀
577,舍,舍,shè,shě,,,,,
578,捨,舍,shě,,,,,,
579,懾,慑,shè,,,,,,統讀
580,攝,摄,shè,,,,,,統讀
581,射,射,shè,,,,,,統讀
582,誰,谁,shéi,shuí,,,,,
583,娠,娠,shēn,,,,,,統讀
584,什,什,shén,shí,,,,,
585,蜃,蜃,shèn,,,,,,統讀
586,葚,葚,shèn,rèn,,,,,
587,勝,胜,shènɡ,,,,,,統讀
588,識,识,shí,zhì,,,,,
589,似,似,shì,sì,,,,,
590,室,室,shì,,,,,,統讀
591,螫,螫,shì,zhē,,,,,
592,匙,匙,shi,chí,,,,,
593,殊,殊,shū,,,,,,統讀
594,蔬,蔬,shū,,,,,,統讀
595,疏,疏,shū,,,,,,統讀
596,叔,叔,shū,,,,,,統讀
597,淑,淑,shū,,,,,,統讀
598,菽,菽,shū,,,,,,統讀
599,熟,熟,shú,shóu,,,,,
600,署,署,shǔ,,,,,,統讀
601,曙,曙,shǔ,,,,,,統讀
602,漱,漱,shù,,,,,,統讀
603,戍,戍,shù,,,,,,統讀
604,蟀,蟀,shuài,,,,,,統讀
605,孀,孀,shuānɡ,,,,,,統讀
606,說,说,shuì,shuō,yuè,,,,
607,數,数,shuò,shù,shǔ,cù,,,
608,碩,硕,shuò,,,,,,統讀
609,蒴,蒴,shuò,,,,,,統讀
610,艘,艘,sōu,,,,,,統讀
611,嗾,嗾,sǒu,,,,,,統讀
612,速,速,sù,,,,,,統讀
613,塑,塑,sù,,,,,,統讀
614,雖,虽,suī,,,,,,統讀
615,綏,绥,suí,,,,,,統讀
616,髓,髓,suǐ,,,,,,統讀
617,遂,遂,suì,suí,,,,,
618,隧,隧,suì,,,,,,統讀
619,隼,隼,sǔn,,,,,,統讀
620,莎,莎,suō,shā,,,,,
621,縮,缩,suō,sù,,,,,
622,嗍,嗍,suō,,,,,,統讀
623,索,索,suǒ,,,,,,統讀
624,趿,趿,tā,,,,,,統讀
625,鰨,鳎,tǎ,,,,,,統讀
626,獺,獭,tǎ,,,,,,統讀
627,遝,沓,tà,ta,dá,,,,
628,苔,苔,tái,tāi,,,,,
629,探,探,tàn,,,,,,統讀
630,濤,涛,tāo,,,,,,統讀
631,悌,悌,tì,,,,,,統讀
632,佻,佻,tiāo,,,,,,統讀
633,調,调,tiáo,diào,,,,,
634,帖,帖,tiē,tiě,tiè,,,,
635,聽,听,tīnɡ,,,,,,統讀
636,庭,庭,tínɡ,,,,,,統讀
637,骰,骰,tóu,,,,,,統讀
638,凸,凸,tú,,,,,,統讀
639,突,突,tū,,,,,,統讀
640,頹,颓,tuí,,,,,,統讀
641,蛻,蜕,tuì,,,,,,統讀
642,臀,臀,tún,,,,,,統讀
643,唾,唾,tuò,,,,,,統讀
644,媧,娲,wā,,,,,,統讀
645,挖,挖,wā,,,,,,統讀
646,瓦,瓦,wà,wǎ,,,,,
647,㖞,㖞,wāi,,,,,,統讀
648,蜿,蜿,wān,,,,,,統讀
649,玩,玩,wán,,,,,,統讀
650,惋,惋,wǎn,,,,,,統讀
651,脘,脘,wǎn,,,,,,統讀
652,往,往,wǎnɡ,,,,,,統讀
653,忘,忘,wànɡ,,,,,,統讀
654,微,微,wēi,,,,,,統讀
655,巍,巍,wēi,,,,,,統讀
656,薇,薇,wēi,,,,,,統讀
657,危,危,wēi,,,,,,統讀
658,韋,韦,wéi,,,,,,統讀
659,違,违,wéi,,,,,,統讀
660,唯,唯,wéi,,,,,,統讀
661,圩,圩,wéi,xū,,,,,
662,緯,纬,wěi,,,,,,統讀
663,委,委,wěi,wēi,,,,,
664,偽,伪,wěi,,,,,,統讀
665,萎,萎,wěi,,,,,,統讀
666,尾,尾,wěi,yǐ,,,,,
667,尉,尉,wèi,yù,,,,,
668,文,文,wén,,,,,,統讀
669,聞,闻,wén,,,,,,統讀
670,紊,紊,wěn,,,,,,統讀
671,喔,喔,wō,,,,,,統讀
672,蝸,蜗,wō,,,,,,統讀
673,硪,硪,wò,,,,,,統讀
674,誣,诬,wū,,,,,,統讀
675,梧,梧,wú,,,,,,統讀
676,牾,牾,wǔ,,,,,,統讀
677,烏,乌,wù,wō,,,,,
678,杌,杌,wù,,,,,,統讀
679,鶩,鹜,wù,,,,,,統讀
680,夕,夕,xī,,,,,,統讀
681,汐,汐,xī,,,,,,統讀
682,晰,晰,xī,,,,,,統讀
683,析,析,xī,,,,,,統讀
684,皙,皙,xī,,,,,,統讀
685,昔,昔,xī,,,,,,統讀
686,溪,溪,xī,,,,,,統讀
687,悉,悉,xī,,,,,,統讀
688,熄,熄,xī,,,,,,統讀
689,蜥,蜥,xī,,,,,,統讀
690,螅,螅,xī,,,,,,統讀
691,惜,惜,xī,,,,,,統讀
692,錫,锡,xī,,,,,,統讀
693,樨,樨,xī,,,,,,統讀
694,襲,袭,xí,,,,,,統讀
695,檄,檄,xí,,,,,,統讀
696,峽,峡,xiá,,,,,,統讀
697,暇,暇,xiá,,,,,,統讀
698,嚇,吓,xià,hè,,,,,
699,鮮,鲜,xiān,xiǎn,,,,,
700,鍁,锨,xiān,,,,,,統讀
701,纖,纤,xiān,,,,,,
702,縴,纤,qiàn,,,,,,
703,涎,涎,xián,,,,,,統讀
704,弦,弦,xián,,,,,,統讀
705,陷,陷,xiàn,,,,,,統讀
706,霰,霰,xiàn,,,,,,統讀
707,向,向,xiànɡ,,,,,,統讀
708,相,相,xiànɡ,xiānɡ,,,,,
709,淆,淆,xiáo,,,,,,統讀
710,哮,哮,xiào,,,,,,統讀
711,些,些,xiē,,,,,,統讀
712,頡,颉,xié,jié,,,,,
713,攜,携,xié,,,,,,統讀
714,偕,偕,xié,,,,,,統讀
715,挾,挟,xié,,,,,,統讀
716,械,械,xiè,,,,,,統讀
717,馨,馨,xīn,,,,,,統讀
718,囟,囟,xìn,,,,,,統讀
719,行,行,xínɡ,hánɡ,hànɡ,hénɡ,,,
720,省,省,xǐnɡ,shěnɡ,,,,,
721,芎,芎,xiōnɡ,,,,,,統讀
722,朽,朽,xiǔ,,,,,,統讀
723,宿,宿,xiù,sù,xiǔ,,,,
724,煦,煦,xù,,,,,,統讀
725,蓿,蓿,xu,,,,,,
726,癬,癣,xuǎn,,,,,,統讀
727,削,削,xuē,xiāo,,,,,
728,穴,穴,xué,,,,,,統讀
729,學,学,xué,,,,,,統讀
730,雪,雪,xuě,,,,,,統讀
731,血,血,xuè,xiě,,,,,
732,謔,谑,xuè,,,,,,統讀
733,尋,寻,xún,,,,,,統讀
734,馴,驯,xùn,,,,,,統讀
735,遜,逊,xùn,,,,,,統讀
736,熏,熏,xùn,xūn,,,,,
737,薰,熏,xūn,,,,,,
738,燻,熏,xūn,,,,,,
739,徇,徇,xùn,,,,,,統讀
740,殉,殉,xùn,,,,,,統讀
741,蕈,蕈,xùn,,,,,,統讀
742,押,押,yā,,,,,,統讀
743,崖,崖,yá,,,,,,統讀
744,啞,哑,yǎ,yā,,,,,
745,亞,亚,yà,,,,,,統讀
746,殷,殷,yān,yīn,yǐn,,,,
747,慇,殷,yīn,,,,,,
748,芫,芫,yán,yuán,,,,,
749,筵,筵,yán,,,,,,統讀
750,沿,沿,yán,,,,,,統讀
751,焰,焰,yàn,,,,,,統讀
752,夭,夭,yāo,,,,,,統讀
753,肴,肴,yáo,,,,,,統讀
754,杳,杳,yǎo,,,,,,統讀
755,舀,舀,yǎo,,,,,,統讀
756,鑰,钥,yào,yuè,,,,,
757,曜,曜,yào,,,,,,統讀
758,耀,耀,yào,,,,,,統讀
759,椰,椰,yē,,,,,,統讀
760,噎,噎,yē,,,,,,統讀
761,葉,叶,yè,shè,,,,,
762,協,叶,xié,,,,,,
763,曳,曳,yè,,,,,,
764,屹,屹,yì,,,,,,統讀
765,軼,轶,yì,,,,,,統讀
766,誼,谊,yì,,,,,,統讀
767,懿,懿,yì,,,,,,統讀
768,詣,诣,yì,,,,,,統讀
769,艾,艾,yì,ài,,,,,
770,蔭,荫,yìn,,,,,,統讀
771,應,应,yīnɡ,yìnɡ,,,,,
772,縈,萦,yínɡ,,,,,,統讀
773,映,映,yìnɡ,,,,,,統讀
774,傭,佣,yōnɡ,,,,,,
775,佣,佣,yònɡ,,,,,,
776,庸,庸,yōnɡ,,,,,,統讀
777,臃,臃,yōnɡ,,,,,,統讀
778,壅,壅,yōnɡ,,,,,,統讀
779,擁,拥,yǒnɡ,,,,,,統讀
780,踴,踊,yǒnɡ,,,,,,統讀
781,詠,咏,yǒnɡ,,,,,,統讀
782,泳,泳,yǒnɡ,,,,,,統讀
783,莠,莠,yǒu,,,,,,統讀
784,愚,愚,yú,,,,,,統讀
785,娛,娱,yú,,,,,,統讀
786,愉,愉,yú,,,,,,統讀
787,傴,伛,yǔ,,,,,,統讀
788,嶼,屿,yǔ,,,,,,統讀
789,籲,吁,yù,,,,,,
790,吁,吁,yù,xū,yū,,,,
791,躍,跃,yuè,,,,,,統讀
792,暈,晕,yūn,yùn,,,,,
793,醞,酝,yùn,,,,,,統讀
794,匝,匝,zā,,,,,,統讀
795,雜,杂,zá,,,,,,統讀
796,載,载,zǎi,zài,,,,,
797,簪,簪,zān,,,,,,統讀
798,咱,咱,zán,,,,,,統讀
799,暫,暂,zàn,,,,,,統讀
800,鑿,凿,záo,,,,,,統讀
801,擇,择,zé,zhái,,,,,
802,賊,贼,zéi,,,,,,統讀
803,憎,憎,zēnɡ,,,,,,統讀
804,甑,甑,zènɡ,,,,,,統讀
805,喳,喳,zhā,chā,,,,,
806,軋,轧,zhá,yà,,,,,
807,摘,摘,zhāi,,,,,,統讀
808,粘,粘,zhān,nián,,,,,
809,漲,涨,zhǎnɡ,zhànɡ,,,,,
810,著,着,zháo,zhuó,zhāo,zhe,,,
811,沼,沼,zhǎo,,,,,,統讀
812,召,召,zhào,,,,,,統讀
813,遮,遮,zhē,,,,,,統讀
814,蟄,蛰,zhé,,,,,,統讀
815,轍,辙,zhé,,,,,,統讀
816,貞,贞,zhēn,,,,,,統讀
817,偵,侦,zhēn,,,,,,統讀
818,幀,帧,zhēn,,,,,,統讀
819,胗,胗,zhēn,,,,,,統讀
820,枕,枕,zhěn,,,,,,統讀
821,診,诊,zhěn,,,,,,統讀
822,振,振,zhèn,,,,,,統讀
823,知,知,zhī,,,,,,統讀
824,織,织,zhī,,,,,,統讀
825,脂,脂,zhī,,,,,,統讀
826,植,植,zhí,,,,,,統讀
827,殖,殖,zhí,shi,,,,,
828,指,指,zhǐ,,,,,,統讀
829,擲,掷,zhì,,,,,,統讀
830,質,质,zhì,,,,,,統讀
831,蛭,蛭,zhì,,,,,,統讀
832,秩,秩,zhì,,,,,,統讀
833,櫛,栉,zhì,,,,,,統讀
834,炙,炙,zhì,,,,,,統讀
835,中,中,zhōnɡ,zhònɡ,,,,,
836,種,种,zhònɡ,zhǒnɡ,,,,,
837,謅,诌,zhōu,,,,,,統讀
838,驟,骤,zhòu,,,,,,統讀
839,軸,轴,zhòu,zhóu,,,,,
840,碡,碡,zhou,,,,,,
841,燭,烛,zhú,,,,,,統讀
842,逐,逐,zhú,,,,,,統讀
843,屬,属,zhǔ,shǔ,,,,,
844,築,筑,zhù,,,,,,統讀
845,著,著,zhù,,,,,,
846,轉,转,zhuǎn,zhuàn,,,,,
847,撞,撞,zhuànɡ,,,,,,統讀
848,幢,幢,zhuànɡ,chuánɡ,,,,,
849,拙,拙,zhuō,,,,,,統讀
850,茁,茁,zhuó,,,,,,統讀
851,灼,灼,zhuó,,,,,,統讀
852,卓,卓,zhuó,,,,,,統讀
853,綜,综,zōnɡ,zènɡ,,,,,
854,縱,纵,zònɡ,,,,,,統讀
855,粽,粽,zònɡ,,,,,,統讀
856,鏃,镞,zú,,,,,,統讀
857,組,组,zǔ,,,,,,統讀
858,鑽,钻,zuān,zuàn,,,,,
859,佐,佐,zuǒ,,,,,,統讀
860,唑,唑,zuò,,,,,,統讀
861,柞,柞,zuò,zhà,,,,,
862,做,做,zuò,,,,,,統讀
863,作,作,zuò,zuō,,,,,
